Season,Team,Result,1-3 F Avg Game Score,4-6 F Avg Game Score,7-9 F Avg Game Score,9-12 F Avg Game Score,1-2 D Avg Game Score,3-4 D Avg Game Score,5-6 D Avg Game Score,Starting Goalie Avg GSAx
2025-2026,ANA,1,0.9265496514038062,0.8551350877192982,0.5165159891598916,0.21743225806451613,0.8869890072140157,0.46098173515981733,0.3611665357423409,-0.05214285714285692
2025-2026,BOS,0,0.8265163946806459,0.5717741869184673,0.5014317542949569,0.318638739309471,0.6086459009301319,0.22887686387686387,0.29077700426678643,0.5232727272727273
2025-2026,BUF,1,0.8230661040787624,0.6677004377736084,0.5142995017046945,0.1960775289314102,0.7365925740925741,0.4663783498946101,0.12213421052631579,0.3508333333333332
2025-2026,CGY,-1,0.5802351832213973,0.4649275067750677,0.47225070286045895,0.22212416793362824,0.17012820512820512,0.24645042839657283,0.21343702865761688,-0.031228070175438615
2025-2026,CAR,4,1.1581291971236702,0.9090784101174346,0.7756669071669072,0.4810757765792884,0.8850308641975309,0.8499116161616161,0.6294929453262786,0.07128205128205131
2025-2026,CHI,-1,0.6328270487682253,0.2758461356092935,0.26483723723723723,0.1844822873166697,0.10670454545454547,0.1343128696141932,0.17845110771581357,0.20185185185185195
2025-2026,COL,2,1.4320648939537828,0.8450133477633477,0.5403527796088772,0.49574239893083866,0.9829549019607844,0.4436629444607699,0.7877392713800556,0.5137777777777779
2025-2026,CBJ,-1,0.8065650406504066,0.5311294337164263,0.5124569018900639,0.3405775877602503,0.865780487804878,0.5572910798122066,0.11005067567567567,0.2992727272727274
2025-2026,DAL,0,0.9737728658536587,0.4951205151200755,0.4134285952619286,0.19117387338076994,0.5893261007285397,0.281674168297456,0.07022536687631027,0.10592592592592591
2025-2026,DET,-1,0.9431805097780708,0.5198513299510474,0.37148439997220484,0.22475097934472932,0.6645460704607046,0.27164946841776105,0.18245695839311332,0.20578947368421036
2025-2026,EDM,0,1.326614241659658,0.5003068207959512,0.4312126328955597,0.11884770015917556,0.7870731707317072,0.43788871951219516,0.17610479797979797,-0.125151515151515
2025-2026,FLA,-1,0.801266447368421,0.6401843243117811,0.4421177756794195,0.1376603440299449,0.5510336538461538,0.35432598039215685,0.22794973544973546,-0.23365384615384627
2025-2026,LAK,0,0.9293328084115706,0.7272247213410301,0.41177244439036703,0.2382481933105267,0.4140138888888889,0.5705487804878049,0.2253658536585366,-0.11540000000000021
2025-2026,MIN,1,1.0176194974616026,0.6843958965209634,0.38085019442376106,0.22640780869648225,0.8766199324324325,0.35803389138423847,0.16410945273631838,0.02759999999999991
2025-2026,MTL,2,1.0539596507076183,0.37532518731069664,0.35269601200913964,0.2676622193835309,0.6795731707317073,0.4313527397260274,0.10271838331160364,0.40139534883720906
2025-2026,NSH,-1,0.8847917293987755,0.5361263772733307,0.28847522623664695,0.12184979736575481,0.534004662840746,0.17191608819926502,0.24559018567639257,-0.15711864406779677
2025-2026,NJD,-1,1.0614227642276421,0.6462376377010524,0.4387042606516291,0.08048803418441458,0.6551336898395723,0.3665977742448331,0.1852439024390244,-0.2711363636363638
2025-2026,NYI,-1,0.7284343076736867,0.4444571230693491,0.4036121567915431,0.18356450966031948,0.6016463414634146,0.43374999999999997,0.07717763157894737,0.4600000000000002
2025-2026,NYR,-1,0.745679888502296,0.5601178032188485,0.2814438934902645,0.20557321110262286,0.7215254988913525,0.14990731707317073,0.21151552287581699,0.4166666666666667
2025-2026,OTT,0,0.878567334739803,0.8703165452433744,0.4712721038430428,0.35402588105401755,0.8341057868551978,0.5832614578048368,0.31068501170960183,-0.26142857142857145
2025-2026,PHI,1,0.6621633464272353,0.542297423544036,0.39423226899448793,0.07710678210678211,0.37229813146479807,0.2682532051282051,0.1843111601513241,0.2646153846153844
2025-2026,PIT,0,0.8853044662309367,0.7254375768264657,0.457136378769069,0.4422263418079096,0.6773288288288288,0.4496875,0.29438333333333333,0.16620000000000004
2025-2026,SJS,-1,0.828934151553054,0.6047723206298085,0.271753334111617,0.017627091084470164,0.2928048780487805,0.2606452156334232,0.13600555555555555,-0.40234042553191485
2025-2026,SEA,-1,0.4733130081300813,0.38145927601809954,0.42736983136983137,0.2038860322683852,0.45117862654320984,0.0804701540436457,0.14224167623421355,-0.13106382978723397
2025-2026,STL,-1,0.7810298419299714,0.49593898809523806,0.47418503776280874,0.17611060834590245,0.2994644861311528,0.23659719694211867,0.1797976011994003,0.25413043478260866
2025-2026,TBL,0,1.3585550034013918,0.6926319161581956,0.3733440793734912,0.46024855212355215,0.9289569967053928,0.4693303571428572,0.2542590163934426,0.4265517241379312
2025-2026,TOR,-1,0.7899651087309314,0.4367857846760286,0.2953722599778938,0.030067870994080426,0.2820721153846154,0.16225524475524475,-0.03502247431506849,-0.16923076923076907
2025-2026,VAN,-1,0.4663531531531531,0.37900367981248934,0.2335703485043056,0.16402383690021388,0.25841463414634147,0.1393496240601504,0.058686635944700465,-0.4112765957446811
2025-2026,UTA,0,1.0690269630544407,0.6941799658737328,0.3643894693200664,0.37700884236981635,0.6192534891269068,0.5455823170731707,0.4459451219512195,0.1081249999999998
2025-2026,VGK,3,1.1814481703926147,0.848130081300813,0.3198349491920706,0.19790653339433825,0.6918959435626102,0.5116342499441091,0.27430618401206636,-0.029411764705882353
2025-2026,WSH,-1,0.7915577485380116,0.5483781530122994,0.3948764957264957,0.24016054606927936,0.6230039556962025,0.18070790648804833,0.2744057211925866,0.5055172413793102
2025-2026,WPG,-1,0.9413008130081302,0.4184928021841648,0.2931623794926474,0.25498669957493486,0.5133575248281131,0.30939948263119,-0.00023684210526315336,0.0971929824561402
2024-2025,ANA,-1,0.5688800900996023,0.44497575238910286,0.3652456529349983,0.05475772424118688,0.34240952380952383,0.2846664675428116,0.09225840336134454,0.2657407407407406
2024-2025,BOS,-1,0.7947560975609756,0.48584950029394475,0.07712701088865472,0.06570300727992302,0.3741481481481481,0.22596120984278878,0.20778787878787877,-0.15689655172413783
2024-2025,BUF,-1,0.7740021547771869,0.6540669295446476,0.4939284704058897,0.17255317305609705,0.7798989308386235,0.36708962841976317,0.08476598173515981,-0.15600000000000022
2024-2025,CGY,-1,0.7627983407027052,0.6334108157128538,0.46757201646090535,0.22643731628453853,0.6587037037037038,0.3205544068234686,0.25144325657894734,0.22509433962264164
2024-2025,CAR,2,1.0499506531414369,0.6727154218495991,0.6743824786324787,0.5697182073672589,0.6910213414634147,0.6422609926715523,0.7410627177700349,0.1274468085106382
2024-2025,CHI,-1,0.5119136178861788,0.3316095358341102,0.1936356209150327,0.10984476493300022,0.14928622668579627,0.09040071770334927,-0.04064814814814815,0.1815789473684212
2024-2025,COL,0,1.184178523533837,0.9471381365911099,0.4562980693264862,0.37623036802625415,1.1167763157894737,0.4090496575342466,0.4038870614035087,0.23785714285714274
2024-2025,CBJ,-1,0.9176236378397539,0.5992127357377156,0.19410766360122614,0.26884845348720915,0.7791817223727793,0.4252163865546218,0.1325326797385621,-0.15415094339622618
2024-2025,DAL,2,0.8077284748751102,0.8586456996148909,0.4266165611814346,0.32201493078205407,0.7502179487179488,0.2056470588235294,0.17146230158730158,0.1836206896551725
2024-2025,DET,-1,0.8409789972899727,0.5555836653718554,0.3027012987012987,0.19519171374764596,0.3315311653116531,0.26671920975199664,0.24181050228310502,0.2723404255319151
2024-2025,EDM,3,1.3506120085739595,0.622719339207901,0.3306626016260163,0.4019582642343836,0.9297701688555348,0.5499021181001283,0.1622129186602871,-0.029803921568627652
2024-2025,FLA,4,1.0626134880952698,0.799431476409417,0.5328156052393856,0.27927054294437803,0.6518115079365079,0.4174248120300752,0.4238980263157895,0.13407407407407423
2024-2025,LAK,0,0.8561728395061728,0.8086215585695241,0.7017643332277479,0.25849995122427083,0.5197933164396579,0.4926200797641755,0.43009942438513865,0.4502000000000001
2024-2025,MIN,0,0.8187145045363499,0.49152619121127916,0.39462489613603086,0.13298405103668262,0.27721584385763487,0.41098484848484845,0.05928747795414462,0.26413793103448263
2024-2025,MTL,0,0.8556776782957703,0.3032484666951933,0.28503155907627453,0.31789836912706043,0.5355442073170732,0.1420084388185654,0.14558928571428573,0.3966129032258065
2024-2025,NSH,-1,0.7355052999897088,0.4806588319088319,0.29058993334676847,0.2565198511166253,0.657081224114128,0.31633064516129034,0.293448883666275,-0.12793103448275842
2024-2025,NJD,0,1.1276314881189433,0.644344720658745,0.3872331340157427,0.22228682125592658,0.53502151799687,0.530565200617284,0.19401219512195123,0.07000000000000015
2024-2025,NYI,-1,0.7043776974806786,0.4843963943229766,0.3356443268244999,0.17863873613227618,0.6913480885311871,0.5061354166666666,0.22428951678951678,0.2875409836065572
2024-2025,NYR,-1,0.8741686991869919,0.63067033317392,0.3379013829108879,0.13419409430438842,0.6880405405405405,0.1558,0.16458683473389354,0.3534426229508197
2024-2025,OTT,0,0.8649178209374687,0.5520304654694899,0.4633751129177958,0.37045889558809453,0.736875,0.35981011066398394,0.10526174640635057,0.31454545454545463
2024-2025,PHI,-1,0.5954721710836424,0.5806483932733932,0.34978192618441667,0.22356614199932176,0.3144844789356984,0.25402380952380954,0.218997113997114,-0.42297872340425524
2024-2025,PIT,-1,0.9625168593867732,0.3662881608339539,0.41480243140241285,0.21489583333333337,0.5582877389584706,0.3888414634146341,0.09907394489012905,-0.02578947368421063
2024-2025,SJS,-1,0.6384545454545455,0.37700058200058195,0.06585198856870685,0.0524404761904762,0.1580448717948718,-0.0124537037037037,0.13405439595192914,-0.3663265306122447
2024-2025,SEA,-1,0.5191583474239301,0.5514028923291041,0.4116486951086107,0.1589718614718615,0.5920370370370371,0.2827104911460073,0.13524199695121952,0.3342105263157897
2024-2025,STL,0,0.7398535362797238,0.7561677753141168,0.3317149767037827,0.21173592085235918,0.4405989583333333,0.5177941176470588,0.16822207958921695,0.09375
2024-2025,TBL,0,1.2184807431728164,0.8077165071770335,0.5062524243097195,0.1330412135290184,0.6543037974683544,0.4011400504686374,0.2533605974395448,0.4628571428571428
2024-2025,TOR,1,1.1049303692318293,0.5980636752136752,0.36080551139374667,0.24622907966920496,0.4229120473022912,0.3184926406926407,0.030729842446709916,0.40119047619047604
2024-2025,VAN,-1,0.6152012860082304,0.531072665290145,0.3771830608415974,0.28172138047138046,0.9242056412729026,0.33564824846514985,0.04666666666666666,0.001764705882353008
2024-2025,UTA,-1,0.9073286158787512,0.7270970591187393,0.4019810571843092,0.38629648998033717,0.671038961038961,0.3575356350966107,0.3852949517867272,0.24448275862068977
2024-2025,VGK,1,1.013472790527585,0.6624850703479911,0.462883085550339,0.4539166964471843,0.7183371873029221,0.5321234756097561,0.2393879173290938,0.2906
2024-2025,WSH,1,0.8996425620951367,0.7994244758237056,0.3072540650406504,0.4021100823045267,0.7707244269586042,0.38125662778366914,0.3456451370069256,0.6037209302325584
2024-2025,WPG,1,0.9052564983396313,0.7234162724295498,0.4541811490162572,0.33186032281123357,0.722223731884058,0.44435569105691053,0.14238512949039267,0.6284126984126984
2023-2024,ANA,-1,0.6094734295087312,0.4210737557537399,0.22215341584835757,0.021327970504441088,0.288675645342312,0.18589201877934275,0.1498113810741688,-0.20847826086956528
2023-2024,BOS,1,0.9452303523035231,0.5055737056054771,0.4470554838589878,0.09221116138763198,0.5199527952610145,0.13938863928112966,0.2441425969294822,0.41840909090909084
2023-2024,BUF,-1,0.6989287179127835,0.7084074998122544,0.3270453927267308,0.18734002127982974,0.7389603638726445,0.3386523509811181,0.27834208088916335,0.1749999999999998
2023-2024,CGY,-1,0.7703156679714945,0.670272878882635,0.6069444444444445,0.14070614899487582,0.7164665415884929,0.0420576923076923,0.21502801120448178,0.28541666666666643
2023-2024,CAR,1,1.2326648098538646,0.6848885471253893,0.6738364335700319,0.6203473260170368,0.9074740853658536,0.7538597883597884,0.6661873306233063,0.016190476190476352
2023-2024,CHI,-1,0.4090851439674969,0.2247007943908922,0.2135656565656566,0.12261482630139348,0.29300274941084054,0.03536899313501144,-0.15987762237762237,0.02857142857142847
2023-2024,COL,1,1.3519389086137696,0.5289122807017543,0.4444109109109109,0.1925143274853801,1.0018617358251505,0.5706559949780289,0.4136184210526316,0.07888888888888887
2023-2024,CBJ,-1,0.6156931482027267,0.38958541458541457,0.37583334047702727,0.3134786596119929,0.5853658536585367,0.28743398392652125,0.1583656330749354,-0.15487804878048766
2023-2024,DAL,2,0.9999186991869919,0.7968601147776183,0.5950647525715277,0.41034654654654656,0.9485826350508113,0.41323170731707315,0.2734279725609756,0.0361111111111109
2023-2024,DET,-1,0.7734491723962312,0.6142451373880827,0.328134649122807,0.2777143995506264,0.26571349382324994,0.4573544973544974,0.2040287290715373,0.04795454545454576
2023-2024,EDM,3,1.3957754764998918,0.8700180287192483,0.5104715687480297,0.21537205048472655,0.9720987654320987,0.7079113924050633,0.2750359599749843,0.03355932203389813
2023-2024,FLA,4,1.293026325314623,0.8455648732116612,0.7129428137651822,0.234814313830739,0.8199510932105869,0.5615459110473457,0.49943092105263154,0.26810344827586224
2023-2024,LAK,0,0.974121750476764,0.8432917708984782,0.4178062541079413,0.42912026143790855,0.6870377898223426,0.5096709371709371,0.33404929577464787,0.19888888888888906
2023-2024,MIN,-1,1.0986031746031746,0.6969970606874107,0.3353934987069315,0.06280434782608696,0.5446656176239182,0.2866634615384615,0.197291325695581,-0.10755555555555563
2023-2024,MTL,-1,0.735081300813008,0.3312636117270264,0.22241073741073739,0.07958579029154189,0.3462665505226481,0.22321428571428573,0.15007776497695854,0.08146341463414643
2023-2024,NSH,0,1.0274355113921512,0.4530697691574061,0.4620555555555555,0.3512077497665733,0.8961980883322346,0.30993063984740765,0.30564484126984126,-0.04640624999999998
2023-2024,NJD,-1,1.1997012444454294,0.5716605892603549,0.5128148148148147,0.2274043962661849,0.5092894308943089,0.33788157894736837,0.17314750290360048,0.03675675675675674
2023-2024,NYI,0,0.9245585416039347,0.47737729599518214,0.27793427713427715,0.10149070508248942,0.5565146224356177,0.2897807577692635,0.3060415488976823,0.025535714285714408
2023-2024,NYR,2,1.1640399478068852,0.7411721724812185,0.2927033898305085,0.2799760396361273,0.6794444444444444,0.3043230358504958,0.39447689345314507,0.21963636363636385
2023-2024,OTT,-1,1.001407989561377,0.7107723577235773,0.2947272272272272,0.20429632992556723,0.6886336559940431,0.5184879816189466,0.2500219298245614,-0.29181818181818203
2023-2024,PHI,-1,0.8178884403884403,0.6452123053098663,0.47678753228907816,0.2484792843691149,0.4908724781692261,0.41258322663252245,0.1515138592750533,-0.09333333333333343
2023-2024,PIT,-1,1.0514725937581957,0.5798529861238463,0.45983729465304707,0.309518722018722,0.7703048780487805,0.39957839721254357,0.17309149184149186,0.05137254901960793
2023-2024,SJS,-1,0.3958055113703311,0.074346675868415,0.11339097496706192,0.19305347604828196,0.05239441930618402,-0.0017897558070279918,0.04812865497076023,0.05568181818181792
2023-2024,SEA,-1,0.5769152930402931,0.7157516063467085,0.36837234781679223,0.3326164795656321,0.6208568738229756,0.2370121951219512,0.3874464285714286,0.0752000000000001
2023-2024,STL,-1,0.8515508130081302,0.3565726955970858,0.21425550586915518,0.11120896183804606,0.2097560975609756,0.39424242424242417,0.153019943019943,0.2894736842105263
2023-2024,TBL,0,1.2240650406504066,0.7121302871256562,0.2648939063054608,0.23928091834524587,0.49606275303643727,0.3159093319194062,0.2968005723090469,-0.04846153846153866
2023-2024,TOR,0,1.3103534381559596,0.7333333333333334,0.2709466100716101,0.4033399470899471,0.5915010683760684,0.44629514321295144,0.1372339527027027,-0.20350000000000001
2023-2024,VAN,1,0.9524182073672588,0.6459688305025346,0.6250028291491706,0.31447727930834785,0.9951610960554049,0.2849525474525475,0.21666666666666667,0.4311764705882355
2023-2024,ARI,-1,0.7602281242704295,0.5843024189501155,0.4760647979614124,0.1702026598026598,0.4584111842105263,0.15473529411764705,0.2094947209653092,0.16620000000000004
2023-2024,VGK,0,0.8219981481481482,0.7543948896631824,0.5229221276070591,0.17757757174229527,0.6129687500000001,0.3069678492239468,0.19369413878284303,0.09913043478260875
2023-2024,WSH,0,0.6763846031891725,0.2642948717948718,0.296426858755464,0.2913183273309324,0.3834522955523673,0.14074009324009323,0.10636080586080586,0.21079999999999985
2023-2024,WPG,0,0.7878149187185333,0.6284880068913207,0.6497011931158272,0.4840833784759841,0.7271175850647396,0.34671840354767186,0.3732753357753358,0.552
2022-2023,ANA,-1,0.6410268532741651,0.28406028555655927,0.09014571948998179,0.060240316205533606,0.10036741713570982,0.14642222222222223,-0.13593645484949834,-0.21754716981132077
2022-2023,BOS,0,1.2288942575411002,0.76310881242741,0.5172963743795411,0.3199321139536952,0.7377935606060606,0.6144875621890548,0.40773076923076923,0.8663265306122446
2022-2023,BUF,-1,1.1789783649277321,0.6256394058014655,0.46088468468468463,0.3250076748369002,0.7908876987990912,0.24861363636363637,0.15247632103688935,-0.15181818181818196
2022-2023,CGY,-1,0.9750335365853658,0.9018817536276629,0.5592254449571523,0.4035365853658537,0.7218924832005,0.730596391263058,0.37504516711833785,-0.05254237288135583
2022-2023,CAR,2,0.9686250438386738,0.7296888487403392,0.6678418803418804,0.4644980213089802,0.9548170731707317,0.8163117283950617,0.5673769230769231,-0.1014705882352942
2022-2023,CHI,-1,0.3068183703089364,0.3139912866654863,0.1372502919663163,0.13356044723969254,0.32816346153846154,-0.01766576086956522,0.02743713733075436,-0.16179487179487184
2022-2023,COL,0,1.2656389556853316,0.9027249396135266,0.3591898954703832,0.339833724019378,1.0867916666666666,0.2569039315155358,0.26387200270178995,0.353548387096774
2022-2023,CBJ,-1,0.7741036096256684,0.2723212929348045,0.17252820264885138,0.15554578038449007,-0.010133928571428572,0.33088768115942024,0.036354270521768026,-0.8623333333333335
2022-2023,DAL,2,1.0077723577235773,0.9121236979853576,0.4338434124067268,0.21753145208700764,0.7377585674590923,0.2673780487804878,0.42267932489451476,0.19064516129032247
2022-2023,DET,-1,0.5703979345198857,0.5223915989159892,0.24103264544676495,0.1813272314460054,0.24913350449293967,0.33540903540903544,0.0916244939271255,-0.26232142857142854
2022-2023,EDM,1,1.4906392019141712,0.6693774844910253,0.46255826132495415,0.3086953904368765,0.6495997498436523,0.475640243902439,0.3288441145281018,0.135
2022-2023,FLA,3,1.3064381708225123,0.8680242081611945,0.4741079494128275,0.24850562587904357,0.8933003048780488,0.5139539677086912,0.4673695799457994,0.12399999999999978
2022-2023,LAK,0,0.8498780487804879,0.8554309597714167,0.6669998704650305,0.2560522518417255,0.4625848765432099,0.48510101010101014,0.40903310104529617,0.32666666666666655
2022-2023,MIN,0,1.0012533486414086,0.7194929116970078,0.40087617260787994,0.1982708897588836,0.41107594936708863,0.21622803703003968,0.2446608484312859,0.14239130434782635
2022-2023,MTL,-1,0.6849847637157032,0.35028843553969286,0.2701499401031612,0.1250197628458498,0.36545026881720427,0.13092055485498108,0.21018716577540109,-0.04595238095238111
2022-2023,NSH,-1,0.6157246307110958,0.41977020202020204,0.43290480250071034,0.11801141304347827,0.6394282110573891,0.3519046909903202,0.07785671641791045,0.7292187499999998
2022-2023,NJD,1,1.2520781893004116,0.8268536585365854,0.6330315801117194,0.3996046365914787,0.7660194359756097,0.5609375,0.39525641025641023,0.09749999999999986
2022-2023,NYI,0,0.9367799590479535,0.6370542709323197,0.3590904314714443,0.3138364089235434,0.41364854058376643,0.5445434646654159,0.3629929577464789,0.6233870967741937
2022-2023,NYR,0,0.9851219512195123,0.6328313434173614,0.5790721344650884,0.34007249403437884,0.7597275393640013,0.5099854819976771,0.05104938271604939,0.48362068965517263
2022-2023,OTT,-1,1.043982697519283,0.8203252032520325,0.22731153416769492,0.17266162843004948,0.6008107333842627,0.2949874213836478,0.3759012474012474,-0.020277777777777888
2022-2023,PHI,-1,0.6048195747342089,0.5740220569353361,0.40630955272212105,0.10356481481481482,0.4214982578397213,0.2987345679012346,0.22102492102492102,0.18690909090909094
2022-2023,PIT,-1,1.1164112987283719,0.6797033644738697,0.4636996785710546,0.31973670739891064,0.6673988217213114,0.4282281205164993,0.2300149253731343,-0.05999999999999985
2022-2023,SJS,-1,0.6938258146728898,0.4164921077794212,0.20583283774407768,0.1780470029716605,0.6307943766937669,0.18242257742257742,0.09570532915360502,-0.2630232558139535
2022-2023,SEA,1,0.624437920305129,0.8524373006071833,0.6013754662743956,0.5551769996350523,0.8080457693465823,0.4302420091324201,0.3087210756722952,-0.1441666666666667
2022-2023,STL,-1,0.6919967401891892,0.5591614756947259,0.24174818427539538,0.1939773614363778,0.3495592775548009,0.3398901098901099,0.22649501661129567,-0.15016393442622944
2022-2023,TBL,0,1.167746160794941,0.7278336915553063,0.4040666558371237,0.21851926546028524,0.7769545303131247,0.33776190476190476,0.3101086956521739,0.4223333333333334
2022-2023,TOR,1,1.245551032740057,0.7611358337168278,0.34190011614401855,0.3158649113443634,0.5020535714285714,0.4054402834008097,0.2875543710021322,0.4297619047619047
2022-2023,VAN,-1,0.9360257479701924,0.6324148916207358,0.27146782169657985,0.14044455632272088,0.695693108974359,0.17938034188034188,0.23586236338797817,-0.17656250000000018
2022-2023,ARI,-1,0.7516095918534943,0.4186979166666667,0.18830845035723084,0.051694211017740445,0.30298780487804877,0.051500000000000004,0.07454411764705882,0.22180000000000008
2022-2023,VGK,4,0.7886718844800388,0.6407099009249202,0.33069783694173943,0.37896362780691134,0.7608032378580323,0.2742508710801394,0.19112471228290437,-0.4187804878048781
2022-2023,WSH,-1,0.636696240790609,0.5725886123484479,0.4425624521622656,0.306195680166992,0.6295454545454546,0.37853268866932943,0.3001224043715847,0.15368421052631562
2022-2023,WPG,0,0.9168930591132395,0.6310638593565422,0.4630313216195569,0.22093657407407408,0.6817229518449031,0.40611463414634147,0.3726626425217975,0.48078125000000016
2021-2022,ANA,-1,0.7437380952380952,0.42919285404467583,0.3521879542516407,0.2373522603485839,0.4663607188703466,0.18037524366471736,0.04713505461767627,-0.254642857142857
2021-2022,BOS,0,1.3919926614481408,0.6746209050409592,0.5553795561795561,0.31886359126984126,0.7175740339472734,0.43624050632911393,0.42524783705839947,0.1012195121951221
2021-2022,BUF,-1,0.7468411873411873,0.4718894414305807,0.3288271552537257,0.021563824148531793,0.44381250000000005,0.2738721804511278,0.13666800966962128,-0.2803225806451612
2021-2022,CGY,1,1.4088617886178862,0.6238540980004394,0.7118601102560486,0.25083111879626263,0.808437970490816,0.6067449047778148,0.5548146223146224,0.1720634920634921
2021-2022,CAR,1,0.9201932864239475,0.7975213675213676,0.7141062011796588,0.46943872807678777,0.7381283905967451,0.8331897865853659,0.4794241379310345,0.5349999999999999
2021-2022,CHI,-1,0.7388935644301498,0.4632917759249664,0.21424345454196203,0.08034477104816089,0.33766499582289056,0.14185507246376813,0.3095146379044684,-0.8943750000000001
2021-2022,COL,4,1.429179583483809,0.6366563706563707,0.3053586371974479,0.273705617382088,1.233874458874459,0.38231343283582087,0.3138096500530223,0.3678947368421052
2021-2022,CBJ,-1,0.7223332324455205,0.4600650286216819,0.391707993864091,0.3024046099600781,0.5013235294117647,0.18865580633418275,0.2707066189624329,0.06830508474576273
2021-2022,DAL,0,1.0736882278620083,0.38328215045017217,0.31762724505327244,0.23709067286772542,0.5385801393728223,0.4272119487908962,0.09974431818181818,0.02979166666666681
2021-2022,DET,-1,0.7920591771576374,0.36210554587688737,0.2971220938452577,0.10517701931787576,0.44833489681050653,0.09445929816185247,0.18695611577964516,-0.11745762711864419
2021-2022,EDM,2,1.2643552631578947,0.6791489169266947,0.38499464798689625,0.28911744467902106,0.5735834236186348,0.6173321759259259,0.44874768604220655,-0.15200000000000008
2021-2022,FLA,1,1.2729030265339967,1.0049259660527265,0.9424974718308051,0.5339020979020979,0.6546266891891892,0.6341512712639473,0.3908526234567901,0.4331481481481479
2021-2022,LAK,0,0.8419609434166396,0.8809268020097837,0.5346979166666667,0.3124470435347628,0.5237182508510081,0.6086756859756097,0.21634415584415584,0.3869565217391307
2021-2022,MIN,0,1.0903665758110204,0.8701680949241924,0.41682576400679117,0.1735883690708252,0.6878345626975764,0.37377525252525257,0.3407065217391304,-0.314464285714286
2021-2022,MTL,-1,0.4828676421080981,0.48129491431730237,0.3753339438339438,0.17276926384588923,0.2584203036053131,0.11643284106891702,0.29953125,-0.4550000000000002
2021-2022,NSH,0,0.9920944816053511,0.46508360681356464,0.3218592140921409,0.37906776745786036,0.8308815789473685,0.43535714285714283,0.11553263403263403,0.3088059701492537
2021-2022,NJD,-1,0.818672932330827,0.5174636285836542,0.331939817439207,0.26332371332371335,0.6020967741935485,0.3909904761904762,0.30298701298701297,-0.30560000000000004
2021-2022,NYI,-1,0.6132641483326414,0.40425779990516836,0.3525759137105004,0.17523149137947516,0.5049358974358975,0.36487851288056206,0.030090579710144925,0.24557692307692328
2021-2022,NYR,2,0.9395427983539095,0.6322577852113717,0.2536880445252468,0.2490554284261378,0.7265550807217473,0.2828908692933083,0.06574189095928228,0.6433962264150942
2021-2022,OTT,-1,0.791858116629976,0.6315042833397264,0.346187461407141,0.1304719151914211,0.48732684662063197,0.2501837140019861,0.1908270817704426,0.18391304347826104
2021-2022,PHI,-1,0.6002850027936728,0.4173449246219541,0.3243451878641752,0.04832269031781227,0.3819912974683545,0.15531385281385282,0.05769230769230768,-0.14577777777777784
2021-2022,PIT,0,1.1413026951436562,0.6886922794791858,0.41608159396497807,0.4564832704123177,0.6082456140350877,0.5155697364030698,0.3656570512820513,0.21999999999999983
2021-2022,SJS,-1,0.84238517579981,0.3050556206088993,0.24113357619915,0.046116943521594685,0.596919512195122,0.13167027417027416,-0.03203333333333334,0.0025000000000000946
2021-2022,SEA,-1,0.606789827802486,0.47861846846846845,0.4250290995496475,0.3497495304572085,0.39089792849983296,0.34163194444444445,0.25752260981912145,-0.6134545454545456
2021-2022,STL,1,0.880817819927409,0.806953651099342,0.6404525465636577,0.14954615384615386,0.4972796052631579,0.36822604166666667,0.08536203522504893,0.33850000000000013
2021-2022,TBL,3,0.9544766030832456,0.7740836311457656,0.49450054112554115,0.5024493982164387,0.8204440275171982,0.39287451984635086,0.2918796992481203,0.4509523809523809
2021-2022,TOR,0,1.4344424713907211,0.785507872800247,0.6651290311161456,0.3178029383195726,0.6876829268292683,0.5007652173913044,0.3549936129444326,-0.0477551020408164
2021-2022,VAN,-1,0.9397559523809523,0.7490097806087864,0.3308294995689851,0.21844406950753478,0.6498959027315123,0.3232815964523282,0.3073666666666667,0.1640625
2021-2022,ARI,-1,0.6197804870640692,0.3197575990624771,0.08645283018867926,0.1748931603584649,0.4004826154644525,0.028172650262202503,0.05648578811369509,-0.44615384615384596
2021-2022,VGK,-1,0.7764205756929639,0.779948268106163,0.37577833236415326,0.30112052893578584,0.8288509615384616,0.4724416605256693,0.37510227936879015,0.1379545454545453
2021-2022,WSH,0,0.9054553955186866,0.46989343013857354,0.4930075476004174,0.380400724341375,0.745610661268556,0.3485926049300466,0.3329091591591592,-0.27409090909090916
2021-2022,WPG,-1,0.9563030514419141,0.8787335255392703,0.2575617088607595,0.1430549543049543,0.48554660529344074,0.334746835443038,0.2651542649727768,0.25227272727272737
2020-2021,ANA,-1,0.446420485542826,0.4271416605075142,0.3311092152567127,0.21162575174997536,0.4141607142857143,0.041875,0.14850832562442184,-0.21028571428571427
2020-2021,BOS,1,1.3450701723736316,0.695155999506721,0.5387464820443544,0.14320340689121178,0.895945945945946,0.4587139689578714,0.26492965367965365,0.1516666666666667
2020-2021,BUF,-1,0.5142804447885748,0.2596443899030185,0.23269934269636358,0.04768011927050828,0.24983418367346938,0.11450228832951945,0.07802083333333334,-0.17850000000000002
2020-2021,CGY,-1,0.8754166666666666,0.6522840388007055,0.4583145506264521,0.2914458732057416,0.6116071428571429,0.45624430091185414,0.2554323308270677,-0.21534883720930245
2020-2021,CAR,1,0.9609572556441283,0.8481868210405946,0.47045248283558366,0.25544311913460854,0.6537482517482518,0.7036625874125875,0.24734962406015037,0.4173913043478262
2020-2021,CHI,-1,0.7467157842157842,0.37120238095238095,0.2663224121557455,0.2834375516956162,0.2749074074074074,0.16929545454545453,0.17616117216117216,-0.3862162162162164
2020-2021,COL,1,1.5257650759734094,0.8438287925232987,0.4475648148148148,0.5665989136649514,1.1903366209262436,0.815763888888889,0.45366841491841486,0.13099999999999987
2020-2021,CBJ,-1,0.5095804297328689,0.3306876047520458,0.25479677594260924,0.28100694444444446,0.5672142857142857,0.14171526586620928,0.1079010989010989,-0.4187878787878786
2020-2021,DAL,-1,0.9926097784329491,0.5786345811051694,0.4230466098897471,0.17529914529914534,0.5536493506493506,0.573003706199461,0.28504459308807134,-0.31281250000000016
2020-2021,DET,-1,0.3435133779069089,0.3006216298321562,0.346775925925926,0.26577285263987394,0.19508928571428572,0.12388539651837524,0.11864583333333334,-0.16705882352941195
2020-2021,EDM,0,1.2978571428571428,0.41242773892773893,0.24816666666666667,0.07225954592363261,0.8033035714285715,0.19311011904761904,0.23813621262458473,0.45062500000000005
2020-2021,FLA,0,1.0315437229437228,0.9538107822410148,0.5388310588463028,0.234989898989899,0.6192592592592593,0.4164198286413709,0.4878769841269842,-0.2619354838709679
2020-2021,LAK,-1,0.7403794063079777,0.4231079496416376,0.24363778438204553,0.16093270964091633,0.39351521164021164,0.26863152804642165,0.09624538063562454,-0.08799999999999995
2020-2021,MIN,0,0.7807629870129871,0.4554365079365079,0.39467176033842705,0.3530074074074074,0.3920921198668147,0.4054431216931217,0.10296666666666666,-0.06606060606060626
2020-2021,MTL,3,0.7882792521943465,0.6278675990675991,0.3995173918624053,0.35712149244526675,0.7435984848484849,0.28460482374768087,0.39747181964573275,0.07827586206896538
2020-2021,NSH,0,0.6127846907993967,0.5743105775643591,0.4121689408706952,0.3353561253561253,0.7666994047619047,0.4789583333333334,0.11182389937106918,0.3652777777777779
2020-2021,NJD,-1,0.6330595238095238,0.5758682476943348,0.2717445799457995,0.3079419191919192,0.4965827922077922,0.4390942028985507,0.12672619047619046,-0.24428571428571422
2020-2021,NYI,2,0.6523999919833253,0.5760878061662376,0.39769382406061404,0.2635809203142536,0.4625892857142857,0.33901785714285715,0.261403162055336,0.07472222222222216
2020-2021,NYR,-1,0.9169290123456791,0.5972757936507936,0.39630572441742656,0.2169087443818627,0.6053277511961723,0.31979097299297077,0.03642045454545455,0.08542857142857128
2020-2021,OTT,-1,0.6261904761904762,0.47650055370985606,0.3786060606060606,0.19873529411764704,0.39292207792207795,0.33838652482269505,0.08083791208791209,-0.5892592592592591
2020-2021,PHI,-1,0.8554107744107743,0.7505241975006126,0.43945878084179973,0.16443333333333335,0.48665259740259736,0.5156541019955654,0.23472807991120975,-0.644
2020-2021,PIT,0,0.9829642857142856,0.6113965237166992,0.5509336778639105,0.28754106280193237,0.6085853658536586,0.3723339160839161,0.30473705339221197,-0.30153846153846164
2020-2021,SJS,-1,0.755883423180593,0.43340534597677455,0.3033294425087108,0.1439373040752351,0.4489697802197802,0.12458683473389356,0.16633928571428572,-0.5555882352941177
2020-2021,STL,0,0.8061309523809523,0.4508792390405294,0.38955710955710954,0.25643684210526313,0.5165126050420168,0.2169451530612245,0.3167325581395349,0.0019047619047618642
2020-2021,TBL,4,0.835654761904762,0.696318181818182,0.5344848484848485,0.35635209235209236,0.6857037037037037,0.287334656084656,0.38215102974828374,0.4340476190476191
2020-2021,TOR,0,1.1803983845611752,0.7280980725623584,0.4266169632836299,0.403856400259909,0.4987873376623377,0.5250017152658661,0.1827124183006536,-0.19791666666666666
2020-2021,VAN,-1,0.6504346361185984,0.36967583545045923,0.10833015873015872,0.11037671478847949,0.41114935064935065,0.16626068376068376,0.1887070938215103,0.19371428571428576
2020-2021,ARI,-1,0.682893772893773,0.545203634085213,0.24523241033229937,0.18869363395225466,0.5982142857142857,0.26607684529828113,0.09478513356562138,-0.008148148148148106
2020-2021,VGK,2,0.8846084585349292,0.9384631932532876,0.49124588744588743,0.40298061587535267,0.8046065347445928,0.6895352047860102,0.4428921568627451,0.4977777777777778
2020-2021,WSH,0,0.7932186147186148,0.6846355668284613,0.36420822102425876,0.3717550505050505,0.6944268476621418,0.4660714285714286,0.28528130360205833,-0.1967567567567568
2020-2021,WPG,1,0.8146380952380952,0.7493138758404716,0.4352806975633063,0.19194805194805198,0.47390873015873014,0.178106684981685,0.23807692307692307,0.42777777777777776
2019-2020,ANA,-1,0.6092081686429512,0.4579882027205971,0.30539565216511816,0.2131491354488092,0.5001369047619049,0.2636374549819928,0.004449999999999999,-0.34653846153846174
2019-2020,BOS,1,1.2747978142076504,0.6297322404371585,0.40531048578274964,0.14246703980099504,0.4080289727831431,0.6532676780034254,0.239907495256167,0.4312195121951221
2019-2020,BUF,-1,0.8553601875532822,0.39678412611627484,0.2968101733447002,0.3824898785425101,0.3521739130434782,0.4282241910631741,0.24834185848252344,-0.18705882352941175
2019-2020,CGY,0,0.8220835058661146,0.556266106442577,0.40025490196078434,0.18948643023643022,0.5545833333333333,0.34491875,0.41808225108225106,-0.17285714285714282
2019-2020,CAR,0,0.9090196078431374,0.7532121216482679,0.5140226715686275,0.4906535947712418,0.6457847155255545,0.3253215539947322,0.347828631452581,-0.06724999999999995
2019-2020,CHI,0,0.8431904761904763,0.6274594320486816,0.24960196687370603,0.282375641025641,0.4488821368004522,0.18530048076923078,0.33459349593495935,0.0754999999999999
2019-2020,COL,1,1.0331514634839445,0.5795635351095979,0.5280410256410256,0.4293927979151859,0.7496177944862155,0.4976418570375829,0.37236418269230775,0.04749999999999983
2019-2020,CBJ,0,0.49869651741293525,0.800769635126778,0.3760501949317739,0.18708057432432432,0.6886607142857142,0.25457480818414324,0.20567221067221067,-0.19594594594594594
2019-2020,DAL,3,0.6441105703367221,0.4088875038005473,0.4169845226458129,0.34627241357069144,0.47325554134697356,0.39455535390199636,0.14080063626723224,0.0036363636363635587
2019-2020,DET,-1,0.788226880663828,0.15420686963309915,0.12349416433239963,0.03076971529352482,0.2628762019230769,0.12965408805031448,-0.05269577598481253,0.09913043478260875
2019-2020,EDM,-1,1.1374199846514987,0.45248176682074986,0.38592154082476665,0.14564072840473702,0.5120502044525215,0.25078591549295776,0.10611317254174396,-0.3115384615384617
2019-2020,FLA,-1,0.8979962292609351,0.6028354700854701,0.4496568627450981,0.2665690553082541,0.5232776292335115,0.468630831643002,0.18987240829346091,-0.25839999999999974
2019-2020,LAK,-1,0.6999076479076479,0.5307513935340022,0.32995955746639744,0.22753267330154123,0.40171855010660984,0.5265659340659341,0.37088888888888893,-0.3073809523809523
2019-2020,MIN,-1,0.5846661261443871,0.4151304442272184,0.5916128046209631,0.40420889427711876,0.673216456287985,0.4245652173913044,0.3281386748844376,-0.3007894736842107
2019-2020,MTL,0,0.7412166100048566,0.9394720299196306,0.5268374992397981,0.3177884857646763,0.8339956663055255,0.5015062111801243,0.2545408895265423,-0.16155172413793112
2019-2020,NSH,-1,0.636637099284158,0.6510604076904155,0.4124912752310885,0.4479090743364738,1.0735285418515232,0.4324678308823529,0.15698170731707317,0.04149999999999991
2019-2020,NJD,-1,0.4737754199823165,0.38610809227202675,0.3270915032679738,0.05552159468438538,0.30299765558397274,0.3556933890577507,-0.030217241379310342,0.16787234042553162
2019-2020,NYI,2,0.7059716125256074,0.6266751183231913,0.370753862150921,0.11832544787497619,0.30419117647058824,0.3377996049165935,0.16080481150793652,0.047999999999999925
2019-2020,NYR,-1,1.0922692601067887,0.6074361290409884,0.1972207792207792,0.045076314794894906,0.49650630252100847,0.36669505494505494,0.12501881720430108,-0.002352941176470538
2019-2020,OTT,-1,0.5740375586854459,0.40528506735206665,0.3932936507936508,0.21909098428453266,0.3228618261291889,0.30649857954545456,0.17678636640292147,-0.19588235294117637
2019-2020,PHI,1,0.8256521739130435,0.8035024154589371,0.3579793301936159,0.36783661740558293,0.6403143648763854,0.4122662459093034,0.30460612244897955,0.1638095238095237
2019-2020,PIT,-1,0.9597929292929294,0.4921478159521638,0.4384805485192482,0.34168253968253975,0.6395901639344262,0.2262378325762492,0.30365323435843056,-0.5407894736842105
2019-2020,SJS,-1,0.7579861111111111,0.6014285714285714,0.18142967378705085,0.21694431643625192,0.7406785714285714,0.17604166666666665,0.20922131147540984,-0.4173170731707317
2019-2020,STL,0,0.800093896713615,0.5757744013098197,0.4954845001741554,0.2562543904518329,0.7172879464285715,0.1958657513348589,0.4691052874624798,0.006862745098039105
2019-2020,TBL,4,1.0031164587046941,0.804436391781593,0.5614353134787917,0.3705896272443403,0.6583515151515151,0.45723987206823025,0.3926964285714286,0.07307692307692329
2019-2020,TOR,-1,1.1466268496099004,0.7569444444444445,0.38391307303807304,0.30932925613695883,0.6805562310030395,0.42043969002695414,0.31468487394957984,-0.27403846153846156
2019-2020,VAN,1,0.8952123061276379,0.8361061381074167,0.27146464646464646,0.29189598782878173,0.6751296111665005,0.3058493179880648,0.17810770750988142,0.02395348837209305
2019-2020,ARI,0,0.5885604395604396,0.5705238095238095,0.4492549969140199,0.28492201426024955,0.43278354978354977,0.3540634920634921,0.17413624070317782,0.11545454545454552
2019-2020,VGK,2,0.9419626247513572,0.9679733959311424,0.5280720390720391,0.3059063835750823,0.8315767486273573,0.37975697321181995,0.39519404483104714,-0.12897959183673455
2019-2020,WSH,0,0.8568378334940534,0.675879917184265,0.5984578049958071,0.3306587242447898,0.7934057971014492,0.2253537936913896,0.30080357142857145,-0.35854166666666654
2019-2020,WPG,-1,0.8584023750345208,0.7802600789924733,0.31997892114592313,0.13584467120181407,0.5211755146262188,0.2989448321701562,0.1659700722394221,0.41793103448275876
2018-2019,ANA,-1,0.6038696037383066,0.331680216802168,0.30743102716468584,0.2566417989417989,0.32136262265834076,0.1216794217687075,0.1767032967032967,0.22982758620689678
2018-2019,BOS,3,1.3103757438061236,0.7415238441055435,0.3879959148832388,0.33840636313004735,0.8058304398148148,0.41611335125448035,0.33866865375062094,-0.046304347826086854
2018-2019,BUF,-1,0.9500580720092916,0.40116360828689596,0.21255233494363926,0.31265337402323706,0.46667761100687927,0.44364540337711067,0.18617836965294593,-0.17339999999999975
2018-2019,CGY,0,1.129591797342475,0.7588382034632035,0.5792595089371303,0.38558327370230544,0.9066820837390459,0.5546286231884059,0.2839873417721519,0.12622222222222237
2018-2019,CAR,2,1.0059739837398374,0.7151691257653318,0.5052845528455284,0.4227113010658184,0.6381707317073171,0.7224440360841964,0.41191268191268193,0.07325000000000018
2018-2019,CHI,-1,1.024845929940781,0.5649059829059829,0.40559378922793554,0.2109414035884624,0.62685396727385,0.36118589743589746,0.15553549571603426,-0.08692307692307694
2018-2019,COL,1,1.206078402157587,0.4146163375919473,0.4079479362101313,0.36895764652014656,0.6150160256410258,0.3470851940913775,0.22321428571428575,-0.09714285714285696
2018-2019,CBJ,1,0.9755859849141668,0.604606679655126,0.4892803001876172,0.2894024554680293,0.6660943089430894,0.45505662020905924,0.2324751712328767,0.10758064516129012
2018-2019,DAL,1,0.9455185979332321,0.254287317620651,0.3695798457801735,0.1694448688242134,0.5366806402439024,0.26681897370921764,0.2047269582406721,0.34391304347826074
2018-2019,DET,-1,0.856518067556952,0.38040232408383096,0.27624340991303015,0.09611648745519713,0.41519230769230775,0.23566942551119768,0.027923076923076922,0.046545454545454584
2018-2019,EDM,-1,1.0035553470919325,0.2992994624588174,0.17380908351325133,0.15576356107660455,0.4845521791283487,0.22074017615176153,0.14126373626373628,-0.12545454545454557
2018-2019,FLA,-1,0.9110835181079082,0.713416641573823,0.26119132791327915,0.3011861178369653,0.5799390243902438,0.23384761904761903,0.20766680743243243,-0.38441860465116284
2018-2019,LAK,-1,0.502748538011696,0.43043318089430893,0.3440654755439701,0.3159442638437387,0.369989837398374,0.17491452991452994,0.18431931252826772,-0.5280434782608697
2018-2019,MIN,-1,0.7786642197753308,0.4230133262208294,0.3936145066796408,0.1902353529487676,0.6035975609756098,0.2569954268292683,0.29785546613011404,-0.24388059701492543
2018-2019,MTL,-1,0.8042718056810197,0.93889313137179,0.5867193899382602,0.38676280119318096,0.800412111017662,0.46556855100714745,0.4489041265134668,0.053181818181818045
2018-2019,NSH,0,0.9769216954022989,0.5414480804292338,0.371150747986191,0.41313449564134497,0.7204878048780488,0.7162400793650794,0.18903791737408038,0.22392857142857128
2018-2019,NJD,-1,0.6042109446402925,0.46033977861846714,0.29775067750677503,0.12240705781670819,0.36147073170731703,0.3172686053783615,0.06267053701015966,-0.5204878048780489
2018-2019,NYI,1,0.6745121951219512,0.48864934874419963,0.36578069507864025,0.17430530275452005,0.33036585365853655,0.3373768388641807,0.43438301282051284,0.34391304347826074
2018-2019,NYR,-1,0.6115764150140329,0.31520950243172463,0.2896989898989899,0.10659529961855545,0.24109149982437655,0.18587881303174933,0.3038617090671885,-0.3007692307692305
2018-2019,OTT,-1,0.27601519468186136,0.503320693391116,0.2500431417332826,0.12969717444717446,0.4314111969111969,0.16967532467532467,-0.006444478812248687,-0.3386000000000001
2018-2019,PHI,-1,0.9278381019387116,0.5206384988092305,0.36925081838948687,0.08647836467779306,0.42497029393370855,0.40665584415584416,0.1661079398028023,-0.5694285714285716
2018-2019,PIT,0,1.1162882062364927,0.6626682966105023,0.4786399945338899,0.31213521126760563,0.7948866396761133,0.17952235772357722,0.20028822055137843,0.028999999999999772
2018-2019,SJS,2,0.9684112233445564,0.9270053181386516,0.693659928722575,0.36158056756200474,1.2292890013805797,0.3290918803418803,0.39954545454545454,-0.3643548387096775
2018-2019,STL,4,0.9548167760186373,0.6516510933129926,0.4573021483021484,0.3662400793650793,0.6575748239436621,0.2511338141025641,0.4972664059104737,-0.2130434782608695
2018-2019,TBL,0,1.2389441185551096,0.59628125,0.6162753387533875,0.3021927655677656,0.7435121951219512,0.5312068965517242,0.36883827375762857,0.3073584905660376
2018-2019,TOR,0,1.187621951219512,0.6013699876977101,0.5934914594960258,0.38894638220585037,0.7890045731707317,0.3965083632019116,0.40846739969135804,0.2
2018-2019,VAN,-1,0.7985079002351566,0.34800240500240504,0.3577536549707602,0.21132726653779285,0.36253881987577635,0.27099067599067594,0.36072187254130605,-0.027166666666666592
2018-2019,ARI,-1,0.5315981481481482,0.5112415824915825,0.3072432927265846,0.33387735480525077,0.46462069525666017,0.29453750575241605,0.20274366197183097,0.14927272727272742
2018-2019,VGK,0,0.8715934131787791,0.7806174800077238,0.46625062845651083,0.3582498375568551,0.6807003527702843,0.4691039501039501,0.4187462052216151,0.10065573770491781
2018-2019,WSH,0,0.8897459930690926,0.6337003808501392,0.5479128464975582,0.23715734649122808,0.6284375,0.30973323170731704,0.3379710337496678,0.1940677966101693
2018-2019,WPG,0,0.8500406504065041,0.5443702049696553,0.40929995309568473,0.3118926677187546,0.6023170731707317,0.3293108974358974,0.1841282894736842,-0.10761904761904764
2017-2018,ANA,0,0.8198106060606061,0.5553405349794239,0.4279396763689527,0.17690745871596936,0.5381181051265412,0.4875625,0.15301922590437642,0.36400000000000005
2017-2018,BOS,1,1.2142630619320898,0.668594985483074,0.6110493084151621,0.23021111111111114,0.6255207653837791,0.6337499999999999,0.20791997116077865,0.11870370370370364
2017-2018,BUF,-1,0.7982405946779202,0.3213640885750963,0.3059658249799095,0.0402415458937198,0.3842048112261945,0.0601025430680886,0.16183014785430944,-0.26528301886792455
2017-2018,CGY,-1,0.9336573005932762,0.7226902215431626,0.3590574855584083,0.2988196748784984,0.6602029736050785,0.6024060646011866,0.23338715218138098,0.2592727272727271
2017-2018,CAR,-1,0.7554300351417088,0.8193089430894309,0.5501414319248826,0.26794285714285715,0.6549791399229782,0.5573135345666991,0.3631721141129794,-0.2923255813953487
2017-2018,CHI,-1,0.8253838266033388,0.6269184733514002,0.48412380952380957,0.24976111101414367,0.4804057649667406,0.41132553606237815,0.3753145057766367,-0.17971428571428588
2017-2018,COL,0,0.996016396845164,0.37306328111248016,0.32985064687975646,0.23276767676767676,0.6249228543876567,0.22402395915161036,0.1587396572104019,0.11450980392156869
2017-2018,CBJ,0,0.8654253719531498,0.6975000879878929,0.43085010927528633,0.3843659420289855,0.8971153846153845,0.24423520923520922,0.4447222901884022,0.3267692307692309
2017-2018,DAL,-1,0.9820987654320987,0.4169025799303577,0.3900328785138912,0.3224521622488555,0.721693233317706,0.282303094233474,0.2931015161502966,0.038846153846153766
2017-2018,DET,-1,0.678641975308642,0.5011474424765564,0.45061965004518195,0.19667813683008106,0.29671558704453443,0.176390625,0.2924567307692308,-0.10133333333333354
2017-2018,EDM,-1,1.0063402193575286,0.39959965508746004,0.3167601346666889,0.27050661227265,0.5396027346637102,0.34206349206349207,0.2724847792998478,-0.03417910447761182
2017-2018,FLA,-1,0.9137337765115543,0.7106278031456114,0.366996351575456,0.14953112203112204,0.509753086419753,0.33898302469135805,0.2579417051874679,-0.009318181818181741
2017-2018,LAK,0,0.8907668372980027,0.5061895903076677,0.2585438429882874,0.19433333333333336,0.5798075704783021,0.5036295911295912,0.24121713729308666,0.370625
2017-2018,MIN,0,0.7468245169464681,0.625338753387534,0.3542986478542034,0.23556404291621913,0.6029886506935687,0.4126645506181089,0.10492725716730852,-0.12850000000000014
2017-2018,MTL,-1,0.6173482767232766,0.6420780980537079,0.46406262098335266,0.2030612922846582,0.4368292682926829,0.277000702000702,0.18994271392767634,-0.5991836734693877
2017-2018,NSH,1,0.8613969910266907,0.554735982112143,0.6941441061983716,0.38285098602585865,0.8850455284552845,0.37795646523716697,0.1823085106382979,0.3381355932203388
2017-2018,NJD,0,0.7693652814832781,0.5339771478795868,0.37294923714303185,0.4292819306720908,0.27189043209876546,0.2994233268356076,0.4362085769980507,-0.08512195121951208
2017-2018,NYI,-1,0.859084296106119,0.6518837575742576,0.32923707108349387,0.13973780959752322,0.36932758620689654,0.4160067873303168,0.32014066496163684,-0.27037037037037026
2017-2018,NYR,-1,0.5939417641325536,0.6285839869351785,0.3820084356062248,0.044700704225352106,0.3137486744432662,0.09356060606060607,0.15111458333333333,-0.15825396825396823
2017-2018,OTT,-1,0.7736389122511915,0.31481625204447244,0.3581864722756105,0.14088084625898853,0.48702593610443146,0.23327752976190474,0.04542448405253282,-0.3998275862068965
2017-2018,PHI,0,1.0797154471544714,0.4601827160493827,0.3638487734623436,0.1737375259005304,0.7654549718574108,0.18397402597402598,0.4123241758241758,0.08139534883720931
2017-2018,PIT,1,1.110511778194705,0.7431569234739966,0.5634979423868313,0.21372603303258228,0.6067958860759494,0.4965340689121177,0.3025267379679144,-0.11326530612244892
2017-2018,SJS,1,0.8366677089847823,0.622473554792106,0.6379741863075196,0.2709333304051614,0.7489566395663957,0.31685185185185183,0.3599807987711213,0.000500000000000019
2017-2018,STL,-1,1.0419582022029898,0.5476824777994369,0.3427138119582674,0.15492804232804233,0.763484990619137,0.4630521739130435,0.25415674603174604,-0.3381355932203388
2017-2018,TBL,2,1.0886128309360015,0.6361920893018455,0.5971987622861302,0.29954961930571683,0.6950793650793651,0.3936655844155844,0.42153568917018286,0.0601538461538461
2017-2018,TOR,0,0.744567269866247,0.7585030487804878,0.3932206882206882,0.4583059921710328,0.4033130081300813,0.5040197368421053,0.21395833333333336,0.14348484848484847
2017-2018,VAN,-1,0.6220965263088313,0.36361558521245585,0.46332959396177786,0.21727539682539684,0.3257404181184669,0.1014027149321267,0.2616682059570538,-0.10316666666666663
2017-2018,ARI,-1,0.6041056910569106,0.42462962962962963,0.32622245311415493,0.20158787104176415,0.45256253908692934,0.35151449275362323,0.152578125,0.6404255319148935
2017-2018,VGK,3,0.896494669509595,0.8160530407324328,0.4326295109211776,0.2386725217093156,0.5554206212251942,0.36354513657561627,0.5621585365853659,0.3623913043478261
2017-2018,WSH,4,0.9335492969556981,0.5211826784049006,0.22685119549929678,0.20843213674018668,0.6253048780487804,0.2186909949164851,0.3601302785265049,-0.08185185185185162
2017-2018,WPG,2,0.9195319682826458,0.7220539152759949,0.6797677119628339,0.37031346983007074,0.6125141392718274,0.34048685782556753,0.32780231829573936,0.1583582089552241
2016-2017,ANA,2,0.7834533887977121,0.7277489284787659,0.4676248108260303,0.15841368176773282,0.5360416666666666,0.25882194400973746,0.31122668579626966,0.27230769230769225
2016-2017,BOS,0,1.0267102114850262,0.8230305844305844,0.3539928410700168,0.23876668424778927,0.7343037037037037,0.3223036110231232,0.43457838143746463,-0.00599999999999979
2016-2017,BUF,-1,0.7553435027533388,0.4892681106071041,0.2532506535947712,0.12281893004115228,0.2842879746835443,0.25499474789915966,0.09173951048951048,0.008644067796610016
2016-2017,CGY,0,0.7776543209876543,0.39154657367394496,0.530105941181456,0.23644178499273885,0.5493081903041253,0.24247702589807857,0.5109876543209877,0.041632653061224614
2016-2017,CAR,-1,0.8055948663853726,0.6355139014353106,0.35973243538405536,0.2193077672814515,0.6225520325203252,0.4371973803071364,0.048940568475452195,-0.2111475409836065
2016-2017,CHI,0,0.98840108401084,0.5909536313899099,0.43278010600271166,0.18156454581832734,0.6004841772151899,0.3021284246575342,0.2930736074270557,0.1609090909090908
2016-2017,COL,-1,0.5844332717117084,0.3410718022923105,0.31043521102624366,0.1050144609877568,0.36279391891891893,0.06288903743315508,0.22345238095238096,-0.3624000000000001
2016-2017,CBJ,0,0.708668814963466,0.6232571138211382,0.38821652421652414,0.3765013006317354,0.5898288288288288,0.5607786116322702,0.154516396845164,0.5244444444444443
2016-2017,DAL,-1,0.6562875092387287,0.5348186274509804,0.46448863873254115,0.3171953046668489,0.4496429794520548,0.32159680431624815,0.1796798780487805,0.18322033898305087
2016-2017,DET,-1,0.6875502781343603,0.3948463871308017,0.3899944444444445,0.19455963349713348,0.2748306233062331,0.15866357069143447,0.29197897340754486,-0.3552000000000001
2016-2017,EDM,1,0.9004526748971194,0.6739038065843622,0.302734243157972,0.22630298273155414,0.5542834817940303,0.2858486414083429,0.38453488372093025,0.4022222222222223
2016-2017,FLA,-1,0.7725397197478774,0.6174255791739452,0.37408011821700077,0.1169168300707293,0.5144140409065783,0.333125,0.29215923406399597,0.11547619047619034
2016-2017,LAK,-1,0.820495174249988,0.5690210970464135,0.46362485481997684,0.32976462747100027,0.6983536585365853,0.5070121951219513,0.4059183673469388,-0.00641025641025641
2016-2017,MIN,0,0.766087486198936,0.6559639953542393,0.7456289268345458,0.23512929266291605,0.6029605263157896,0.41841331269349846,0.17815244407622205,-0.0007692307692309441
2016-2017,MTL,0,0.7646855683843988,0.6097550783608124,0.5368766718106995,0.2567255702187209,0.6624919871794872,0.4836693548387097,0.3898934145413019,0.2911290322580647
2016-2017,NSH,3,0.8032346109175378,0.6729717078189301,0.4915615412989303,0.040313302516692344,0.8519570707070707,0.55583562349708,0.2329461310625694,0.026393442622951045
2016-2017,NJD,-1,0.6177110433604336,0.4854102263856362,0.19405982905982908,0.13120507399577166,0.11889874353288987,0.332719246031746,0.12805727554179566,-0.05933333333333337
2016-2017,NYI,-1,0.670788087251502,0.492710681696189,0.3386821605889403,0.2512670285421185,0.4881509539842873,0.2703397212543554,0.2929280821917808,0.11862745098039237
2016-2017,NYR,1,0.7044661967779057,0.6147655473655473,0.4292324550089061,0.2741170652275566,0.41860509660226514,0.13659813721035893,0.38266144604162194,-0.1062499999999998
2016-2017,OTT,2,0.7881284263678631,0.5084807978710417,0.3420622704004817,0.14349051490514905,0.5728201545290152,0.24550925925925926,0.22120864661654135,0.047073170731707484
2016-2017,PHI,-1,0.7104878048780489,0.5663911264544176,0.3567638404955478,0.3152659465020576,0.3441546942866689,0.562608359133127,0.42236280137772675,-0.0018965517241381663
2016-2017,PIT,4,1.04197501529854,0.7371170960187353,0.44654919956899874,0.4112393162393162,0.2930952380952381,0.498543956043956,0.4321250907770515,0.3414285714285715
2016-2017,SJS,0,0.7565003561253562,0.545237637142399,0.37708966244725745,0.3055385270327799,0.8159726393059727,0.2845625,0.3830788934426229,0.1418750000000002
2016-2017,STL,1,0.6672222222222222,0.6815447154471544,0.40395016339869283,0.15493750413605983,0.45318055555555553,0.3945088566827697,0.2214943609022556,-0.11983606557377052
2016-2017,TBL,-1,0.8818493584493584,0.6237782403676845,0.2537727166821994,0.1101657449304508,0.7039882087740592,0.30392857142857144,0.2106875,0.17333333333333342
2016-2017,TOR,0,0.6998268398268399,0.6412361892849697,0.6824942286459902,0.2549411149825784,0.4280279204107831,0.4463821138211382,0.24676417910447762,0.3521212121212123
2016-2017,VAN,-1,0.4200568101977316,0.5231012354406958,0.2177991886409736,0.13533158525486802,0.31950186412593207,0.26287270794578793,0.10860495195861049,-0.056666666666666705
2016-2017,ARI,-1,0.45642839246769956,0.2803756709124409,0.1925340136054422,0.12761721611721613,0.30601055194805193,0.08434912280701755,0.21139041633935587,0.36207547169811316
2016-2017,WSH,1,0.9043578404274921,0.7252008126269729,0.4952513227513227,0.3640407153271003,0.6664020486555697,0.4644030317237068,0.4819349477682811,0.5695161290322581
2016-2017,WPG,-1,0.905551455505885,0.7486045303738565,0.3163919644130652,0.0908773602033406,0.6674791666666666,0.2783231707317073,0.1583116036505867,-0.13909090909090918
2015-2016,ANA,0,0.8138579623868293,0.6289867456773158,0.4381538337046134,0.280587601270931,0.5265190217391305,0.44485915492957745,0.3294718309859155,0.037441860465116265
2015-2016,BOS,-1,0.8946898148148148,0.6870076285503114,0.45902336601307187,0.13583057166528584,0.604721450617284,0.29279295689131757,0.24273645833333335,0.15375000000000005
2015-2016,BUF,-1,0.6767875537679459,0.44179783525958544,0.2735103413272428,0.1507633335565825,0.3611318597560976,0.10883116883116883,0.2733898305084746,0.23355555555555568
2015-2016,CGY,-1,0.7555633565712122,0.5139087147156496,0.17576973045167557,0.11216249120203924,0.6619390243902439,0.3772525107604017,0.1857433783108446,-0.19270270270270257
2015-2016,CAR,-1,0.6047235772357724,0.5545441116767121,0.30640130384016606,0.10641531413203238,0.5279523533950617,0.36631124913733615,0.24049753867791843,0.09076923076923074
2015-2016,CHI,0,0.8865681415468001,0.6956183712121211,0.44039023841655417,0.32978492165111883,0.6187995209139487,0.32092216199939777,0.32547794117647055,0.2920689655172413
2015-2016,COL,-1,0.6531706627680313,0.43812479925725184,0.292054276880797,0.1503219072731268,0.3074181423321083,0.29832707942464043,0.06272297297297297,0.054210526315789535
2015-2016,CBJ,-1,0.687142893320671,0.5614988610031028,0.37929112782319724,0.13293761407001825,0.2768076923076923,0.40559244203553146,0.1175064036885246,-0.0945945945945946
2015-2016,DAL,1,1.047765772833167,0.6260494858373241,0.5055947609001407,0.3830644511452939,0.4575157356412274,0.7313264006791171,0.2862595274390244,0.0016666666666666312
2015-2016,DET,0,0.6932680463168269,0.5561398424169427,0.41698103034704337,0.4342445223000779,0.2836378205128205,0.4011210506280929,0.3569083694083694,0.19111111111111098
2015-2016,EDM,-1,0.7097143385070215,0.5111210621592382,0.23926742152259964,0.20187841530054648,0.46166666666666667,0.23254901960784313,0.14971151216844408,0.103392857142857
2015-2016,FLA,0,0.7879434817917202,0.7440939373750832,0.5434996799627593,0.16678001653654306,0.5265196998123827,0.177972972972973,0.1978739522888459,0.3062903225806453
2015-2016,LAK,0,1.0297957963947124,0.7409367842836677,0.5768505078918581,0.2814886480908153,0.8910975609756098,0.537659069325736,0.22168650793650793,0.30397058823529394
2015-2016,MIN,0,0.6832822299651568,0.5154276129788326,0.47859956486888816,0.03935678506375228,0.5765006335128287,0.18644238517324738,0.1896604938271605,0.0035820895522389417
2015-2016,MTL,-1,0.9064427059364933,0.5696507469066902,0.3470183332374983,0.1624552776428687,0.6861137015781923,0.3849183006535948,0.2456597222222222,-0.23036363636363613
2015-2016,NSH,1,0.8654725609756099,0.50931569664903,0.5338988095238095,0.09105870322436327,0.7773480531813866,0.5941725841309046,0.2059711350293542,-0.37212121212121213
2015-2016,NJD,-1,0.6050957207207207,0.4019161760583123,0.262191452991453,0.1016361962933523,0.1078658536585366,0.23024432631363728,0.14376477541371158,0.334310344827586
2015-2016,NYI,1,0.829570786300744,0.42072161363241173,0.36601748971193415,0.2926609586649909,0.4569135802469136,0.44754365079365077,0.3052328058429702,0.29707317073170747
2015-2016,NYR,0,0.6738982968912687,0.6387512892639475,0.4349876505094165,0.26963022875816994,0.4491284494738932,0.34239782465392227,0.24015882765882765,0.20138461538461544
2015-2016,OTT,-1,0.6339657786441412,0.6141778426331272,0.24532229141878267,0.14772303921568627,0.766501202335967,0.2063913043478261,0.0726624503968254,-0.030666666666666724
2015-2016,PHI,0,0.8285467297796064,0.6722229840600095,0.36427542360584236,0.1763427742921316,0.42669044665012407,0.5995024671052632,0.20950396825396825,0.31129629629629635
2015-2016,PIT,4,1.0240152082441876,0.7167331591173055,0.4578917220990392,0.2835070214338507,0.7755654824469204,0.3370281933256617,0.36384146341463414,0.06120689655172434
2015-2016,SJS,3,0.9250406504065042,0.7344780234091064,0.3375965268139924,0.29680562135767125,0.917560975609756,0.38600160256410254,0.24834693537641572,0.07400000000000004
2015-2016,STL,2,0.7041612349644183,0.670420860347844,0.42991168091168097,0.1726048715538847,0.519597602739726,0.7141886427566808,0.24711235489220565,0.07702127659574477
2015-2016,TBL,2,0.7425694919115973,0.631895574896305,0.5270802469135802,0.2930293325907361,0.7715621707060063,0.2574476911976912,0.18546875000000002,0.23327868852459
2015-2016,TOR,-1,0.7617992930086411,0.5092721196931723,0.3412713210702341,0.2612313345091123,0.2882520325203252,0.3531869522882181,0.30561403508771934,-0.014210526315789639
2015-2016,VAN,-1,0.5872329255595696,0.4137509159047039,0.23746873017392012,0.23688354457001118,0.3378023968784839,0.2728505747126437,0.08265686274509804,-0.01882352941176486
2015-2016,ARI,-1,0.5692334293134599,0.4229110120981466,0.36742095754290877,0.05341098901098901,0.62,0.15265201465201464,0.15068580715059587,-0.07769230769230773
2015-2016,WSH,1,0.9210153656821379,0.7613612392880685,0.3639783910997005,0.30681943177983445,0.6451981707317074,0.3537127371273713,0.3066019955654102,0.3678787878787879
2015-2016,WPG,-1,0.9659070153340524,0.4801203581094035,0.37904401494517775,0.11093812691373665,0.6667537628953154,0.38196759259259255,0.12009151785714285,0.10606060606060606
2014-2015,ANA,2,0.8179518552818719,0.5154486600421561,0.5702737070194446,0.3473809195754236,0.5759940681209338,0.4519809782608696,0.3060173913043478,0.05000000000000005
2014-2015,BOS,-1,0.7440539357324227,0.6233602902166587,0.40272376543209876,0.2014316200231693,0.3767915214866434,0.7179273504273505,0.15488348530901724,0.05742857142857157
2014-2015,BUF,-1,0.2271250555890613,0.19383119804172436,-0.09880393996247655,-0.09698135198135198,0.10066377171215882,-0.1792372881355932,-0.04675,-0.4315384615384615
2014-2015,CGY,1,0.5997150997150996,0.403046418128655,0.30284035960548134,0.1488584206025431,0.5957609795587937,0.4111060126582278,0.02104323308270677,0.15461538461538474
2014-2015,CAR,-1,0.6967623831658919,0.5131941367456073,0.38993153615746684,0.21484883389405254,0.538023938572719,0.3692713927676334,0.21842105263157896,-0.08803921568627442
2014-2015,CHI,4,1.0007679644191707,0.6509170253467241,0.6087021584881481,0.28922962515655753,0.6867560975609757,0.34925545571245187,0.4282888540031397,0.28754385964912255
2014-2015,COL,-1,0.5976829268292684,0.5082949695121951,0.11162573099415203,-0.03968483117263605,0.23983564814814815,-0.0008846153846153847,0.13227363960749333,0.2950877192982455
2014-2015,CBJ,-1,0.7869609305034607,0.6015667665667666,0.26743812279009965,-0.005551507791944956,0.3636847792528558,0.11419687277896233,0.2996774193548387,-0.09901960784313747
2014-2015,DAL,-1,1.080070995076148,0.5309220540098201,0.43770024875621893,0.3377859581732821,0.5435167029774873,0.594738841405508,0.3014222401289283,-0.11200000000000002
2014-2015,DET,0,0.9748547852773205,0.7726476964769647,0.46061390286278137,0.21530476418209563,0.44522023809523814,0.3351935975609756,0.3674792718096611,-0.1320754716981132
2014-2015,EDM,-1,0.7313602314661568,0.4514054761237268,0.22459914899710534,0.10632125603864734,0.39436728395061726,0.15545238095238095,0.10687046802900463,-0.45192982456140335
2014-2015,FLA,-1,0.6501341458802682,0.5068332168646634,0.5660387464387465,0.19642342963608206,0.5854373682625715,0.32612287256122874,0.20499401913875598,0.06557377049180328
2014-2015,LAK,-1,0.9485703078274591,0.5211938006239524,0.6237513240228933,0.25928616352201256,0.8736521181001284,0.3965334287466776,0.408167296461697,0.10569444444444463
2014-2015,MIN,1,0.8618451439244122,0.43796293270394576,0.4956409698025552,0.2875185256643871,0.4885778306200841,0.5696969696969697,0.27785303776683085,0.3579310344827585
2014-2015,MTL,1,0.7679827235772358,0.5894600095026924,0.1055067045067045,0.14914682053848038,0.744637157482686,0.17159125188536953,0.18472222222222223,0.5024242424242423
2014-2015,NSH,0,0.9167334061400316,0.6354957371536563,0.32688109076818755,0.18980226965615735,0.7802184235517569,0.4972951844903064,0.5981681034482759,-0.055312499999999876
2014-2015,NJD,-1,0.42299837484543373,0.302825028926978,0.36267042881164463,0.18337085273992293,0.31797226207556195,0.2191287878787879,0.19906976744186047,0.2642028985507245
2014-2015,NYI,0,0.9513058459156021,0.6716050154803543,0.5768313238859942,0.29035164835164834,0.6869102112676057,0.6282692307692308,0.39447293447293447,0.046779661016949
2014-2015,NYR,2,0.7568037974683545,0.690119658119658,0.34640787816328866,0.33310166263243524,0.5600813212608987,0.23467530487804877,0.478,0.16239130434782606
2014-2015,OTT,0,0.7691883208255158,0.5644003339850113,0.5561400099280218,0.3070906323644933,0.6531918096958748,0.2602414021164021,0.11777777777777777,-0.046285714285714416
2014-2015,PHI,-1,0.8163319281340962,0.538904674796748,0.33765186413610954,0.1674833635813672,0.5523939043209877,0.20171767241379313,0.2351419878296146,0.3723529411764705
2014-2015,PIT,0,1.006557432644389,0.7173544238683128,0.4829615073801703,0.17939219576719576,0.7167753623188405,0.424421768707483,0.33205833882663155,0.30062500000000014
2014-2015,SJS,-1,0.9003252032520326,0.6781394291243347,0.41355623306233064,0.21209315925472597,0.6746254355400697,0.3294285714285714,0.29671112556929086,0.1714754098360657
2014-2015,STL,0,0.8356545295295295,0.9028240708240709,0.4543986407857376,0.11228570450792673,0.47948302469135806,0.6508718487394958,0.32689036885245903,-0.00847826086956523
2014-2015,TBL,3,0.7775731179389717,0.885761120256895,0.6005022139953543,0.25535245242562316,0.7491380735841257,0.5249600484261501,0.23332264957264956,0.23064516129032275
2014-2015,TOR,-1,0.5296747967479675,0.3956549364613881,0.24660453416208647,0.10269708162789926,0.19473214285714285,0.33363416158774806,0.0469055944055944,0.20810344827586194
2014-2015,VAN,0,0.7684520325203251,0.6532160666337882,0.31887939221272554,0.15862434847356666,0.47825584058634907,0.33105952380952386,0.26701923076923073,-0.047333333333333234
2014-2015,ARI,-1,0.46929865343543264,0.3347254524965037,0.14891269841269839,0.08009916610322289,0.4949013851249624,0.01429431299294313,0.24429824561403507,-0.2488709677419356
2014-2015,WSH,1,0.8909289370671485,0.4757826634604374,0.43595328282828283,0.2971631057114928,0.6134146341463415,0.3235146966854284,0.4515277777777778,0.2527397260273971
2014-2015,WPG,0,0.8641513331696172,0.583413564398802,0.5741430704898448,0.248938318256422,0.274712441314554,0.6748584169453735,0.2513051948051948,0.36900000000000005
2013-2014,ANA,1,0.9783811661589441,0.39616151542082223,0.5538128832218506,0.498291355169138,0.4464285714285714,0.3958974358974359,0.403639705882353,0.021599999999999966
2013-2014,BOS,1,0.9944754273504274,0.8205988104758096,0.6114100054122387,0.21451219512195122,0.7006709956709957,0.523203125,0.5679600778967868,0.17379310344827584
2013-2014,BUF,-1,0.3782228835978836,0.18792582808372282,0.16434604929803534,0.14731583447277666,0.2608135973866884,0.07637187088274044,-0.11849724264705883,-0.01928571428571451
2013-2014,CGY,-1,0.6411096630465052,0.33490914588057447,0.313964596202242,0.06032866621682412,0.6683883101851852,0.3407097186700767,-0.002229832572298328,-0.05174999999999983
2013-2014,CAR,-1,0.7881581922245707,0.6517300742240906,0.36415217118810994,0.09336473429951692,0.5874377667140825,0.29261432926829267,0.19567095588235295,0.35555555555555546
2013-2014,CHI,2,1.1641818601824463,0.8466257122507121,0.41944618818441787,0.3037745968279355,0.877687557888237,0.415021645021645,0.4143927845528455,-0.038813559322034
2013-2014,COL,0,0.8300582507390019,0.7093177914493615,0.3378216596343178,0.054700048816648285,0.27221634615384616,0.45145272943037973,0.12237472766884532,0.4233333333333331
2013-2014,CBJ,0,0.6900426050069468,0.492252574002574,0.49796493545104226,0.2632925711812892,0.5750772357723577,0.3657476943346508,0.05959808102345415,-0.10706896551724127
2013-2014,DAL,0,0.9063837448559671,0.4424852048455152,0.46134416382994625,0.3566952608794714,0.524356919108163,0.34763141025641026,0.26442251461988303,0.4195384615384617
2013-2014,DET,0,0.8216693440428381,0.7347886136910905,0.40337509744960465,0.16651923076923078,0.5076387536514119,0.311168842322226,0.24907575757575756,-0.1358823529411766
2013-2014,EDM,-1,0.6644111111111112,0.3840647722923842,0.16325747825747827,0.013447733858181621,0.19616776315789475,0.07053617157490397,-0.02664160401002507,0.3754999999999999
2013-2014,FLA,-1,0.4731317663817664,0.5901075268817205,0.458442275460909,0.2349965034965035,0.4275240891297801,0.36419915700737615,0.2328931203931204,0.02982142857142835
2013-2014,LAK,4,0.9904584462511292,0.6512914321450908,0.5280579757794949,0.38908516961986966,0.7074343339587241,0.5638157894736842,0.44078647022203776,0.20775510204081646
2013-2014,MIN,1,0.951999290601402,0.53405291005291,0.23612796293654945,0.3503138470046683,0.35247684470515595,0.42533680282796543,0.09946840371368673,0.05656250000000007
2013-2014,MTL,2,0.7331356593685361,0.552802521227275,0.31246827246827247,0.22429554495555923,0.6138181270701596,0.16799435028248588,0.08169156184486373,0.3269491525423727
2013-2014,NSH,-1,0.6924504478495818,0.4033945837388717,0.27771503402136316,0.18865955117679256,0.6355010548523207,0.30896297732118627,0.30883669354838705,-0.2754999999999999
2013-2014,NJD,-1,0.8074363319607222,0.5801106069200227,0.4485377264298959,0.23280346893250117,0.5805517916290274,0.32361645299145303,0.43508928571428573,0.0993333333333333
2013-2014,NYI,-1,0.8769693841012174,0.46242113310606453,0.416479828042328,0.16640370705244123,0.4276598465473146,0.392624296435272,0.09020473705339221,-0.13949999999999996
2013-2014,NYR,3,0.8178264578942086,0.8012616930394708,0.6191902356902358,0.21523425028770835,0.529688151354818,0.4210956790123457,0.23087311337311336,0.2261904761904762
2013-2014,OTT,-1,0.8198771637336626,0.5910411924119242,0.39859171612311095,0.1837254120148857,0.7638650406504065,0.29241596638655465,0.39930155577623305,-0.19339622641509435
2013-2014,PHI,0,0.6939934959349593,0.8037304565353346,0.40579056393649493,0.17716571553994734,0.2637195121951219,0.574789356984479,0.1707951963648166,-0.04606557377049184
2013-2014,PIT,1,1.1287275641025643,0.663164594824683,0.3562952925825555,0.05237169945421142,0.4007716049382716,0.23393686502177066,0.11566798941798942,-0.06406249999999991
2013-2014,SJS,0,1.0649387116948092,0.8488904393782443,0.45546293155434947,0.23011659076750288,0.5549674796747968,0.6667382716049384,0.7288347358578775,-0.12828125000000012
2013-2014,STL,0,0.959140773312404,0.581389694122351,0.6430469551282051,0.16404426559356136,0.7511043360433605,0.5242194092827004,0.27229166666666665,-0.06372881355932188
2013-2014,TBL,0,0.718903564727955,0.6429870520927431,0.3962681454348121,0.23783742690058482,0.5969918699186991,0.3449266833879992,0.29382189239332096,0.25174603174603194
2013-2014,TOR,-1,0.6446568895430334,0.4389028468880007,0.027822457378012932,0.0656332276528549,0.2469375,0.1284137658227848,0.042204011741682965,0.33199999999999985
2013-2014,VAN,-1,0.8210729820625863,0.524544802391885,0.3409489217023463,0.1551397734685406,0.5255414908579465,0.46510802469135804,0.391875,-0.06097560975609756
2013-2014,ARI,-1,0.6396847939382404,0.6143983739837399,0.36805754596142254,0.2762000805152979,0.6524496951219512,0.32922383642722625,0.3682827380952381,0.15354838709677435
2013-2014,WSH,-1,0.7602407754846779,0.41213273154790375,0.498318989519607,0.22881810459895638,0.568205574912892,0.26367660343270105,0.05107313195548489,0.15807692307692306
2013-2014,WPG,-1,0.785613875735827,0.6606473953628424,0.30558274594206797,0.10620926243567753,0.5609787367104441,0.42582517482517485,0.22694202898550725,-0.1005263157894735
2012-2013,ANA,0,0.79677304964539,0.5144021739130434,0.44874007936507937,0.19694432158828445,0.47809659090909096,0.17406394199077127,0.13329268292682928,-0.04846153846153838
2012-2013,BOS,3,0.9467424293594506,0.9528309178743961,0.49682291818261204,0.2861040660225443,0.6796784420289855,0.4166761363636364,0.4220386904761905,0.5325000000000001
2012-2013,BUF,-1,0.5717726608187136,0.346488018859479,0.36677577741407524,0.05366013071895425,0.33398799781778504,0.05217181467181467,0.2235139318885449,0.21649999999999991
2012-2013,CGY,-1,0.5367196969696969,0.5132942594817904,0.4082729700854701,0.12071428571428572,0.36804579093432005,0.1856020309477756,0.0512987012987013,-0.8616666666666667
2012-2013,CAR,-1,0.9078914141414142,0.6846575224292616,0.26226166344916346,0.11601638504864313,0.352491601343785,0.3630535714285714,0.41679054054054054,-0.268421052631579
2012-2013,CHI,4,1.085547112462006,0.6944974120082815,0.49793439716312055,0.4367432336182336,0.6195744680851064,0.465883152173913,0.6027083333333333,0.22566666666666677
2012-2013,COL,-1,0.6761731678486997,0.49227863743821193,0.3490901911632836,0.13499302291421855,0.327140261627907,0.2553786816269285,0.17662337662337663,-0.2259999999999999
2012-2013,CBJ,-1,0.5344976359338062,0.4399404186795491,0.4423293650793651,0.13007936507936507,0.3821117424242424,0.3975877192982456,0.10547491039426524,0.18052631578947367
2012-2013,DAL,-1,0.7333595867208672,0.3015263002364066,0.3363533098315707,0.22320512820512817,0.44187721631205673,0.29046401515151515,0.04325231481481481,0.558888888888889
2012-2013,DET,1,1.0502348397674541,0.580215108401084,0.3644713583200425,0.23206932773109246,0.5194791666666667,0.4448678861788618,0.2501518026565465,0.2490476190476189
2012-2013,EDM,-1,0.6376527777777777,0.570948248758096,0.2968648682877406,0.012081400081400087,0.234375,0.04635416666666667,0.13836898395721925,0.3110526315789472
2012-2013,FLA,-1,0.35995564892623716,0.5600434328440266,0.3692213967843813,0.1419131054131054,0.3153409090909091,0.27205882352941174,0.20521012931034482,-0.3934782608695651
2012-2013,LAK,2,1.012123676636859,0.7424305555555555,0.44215989684074786,0.2130681818181818,0.7067708333333333,0.12098577235772358,0.4740707070707071,-0.21702702702702706
2012-2013,MIN,0,0.8796439125295508,0.48284293221793223,0.4286127260981912,0.03855505505505505,0.4722777777777778,0.39305605247465714,0.12993055555555555,-0.24571428571428555
2012-2013,MTL,0,0.8759543574038254,0.7010205314009662,0.6288333997873472,0.1294991078034556,0.8862202380952382,0.3705701754385965,0.3911745689655173,-0.2630769230769232
2012-2013,NSH,-1,0.3835148105771676,0.47966607565011826,0.25219251336898396,0.25704202011773974,0.44895833333333335,0.28201462765957447,0.07430803571428571,-0.2990697674418605
2012-2013,NJD,-1,0.7887105855855855,0.6391964285714286,0.49002195204322857,0.347842868338558,0.3310176282051282,0.4283614864864865,0.3628378378378378,-0.20965517241379306
2012-2013,NYI,0,0.9396335697399527,0.5224378654970759,0.38042829719963867,0.28821744324970133,0.3645833333333333,0.46617261904761903,0.2508275058275058,-0.1339024390243901
2012-2013,NYR,1,1.059399410774411,0.7573242753623188,0.34318746949206075,0.09333223104056437,0.5536355226641998,0.5000452898550725,0.23264285714285715,0.2020930232558139
2012-2013,OTT,1,0.6642124704491726,0.4727863146834778,0.528738812901047,0.3162390911025969,0.5206241134751773,0.3020265151515152,0.6113852813852814,0.5599999999999999
2012-2013,PHI,-1,0.8189980158730158,0.3974278026427962,0.4288294495103006,0.21506133793367835,0.22211798839458413,0.46629629629629626,0.1531126126126126,-0.06849999999999987
2012-2013,PIT,2,1.201489898989899,0.7449444444444445,0.4033336269673479,0.13791968599033816,0.914235294117647,0.2836086956521739,0.10687984496124031,0.050606060606060654
2012-2013,SJS,1,0.8161805555555555,0.6273869047619048,0.43637464387464386,0.10626617494824016,0.5765760869565217,0.05980113636363636,0.4359531450577664,0.1551162790697675
2012-2013,STL,0,0.7206805555555554,0.5440390390390389,0.6205263157894736,0.18079586563307495,0.5462765957446809,0.448838141025641,0.20662590579710144,-0.1975000000000001
2012-2013,TBL,-1,0.9120405982905982,0.43944444444444436,0.39954425697927753,0.2353111111111111,0.42192234848484844,0.21904438405797103,0.2763939393939394,-0.16750000000000012
2012-2013,TOR,0,0.6376721014492754,0.4368055555555556,0.23507539682539683,0.15102424242424242,0.23989880952380951,0.36001501501501504,0.05121428571428571,0.3487878787878789
2012-2013,VAN,0,1.0161997635933808,0.5624332171893148,0.3232085446110691,0.05119444444444444,0.6215673758865248,0.4835667848699763,0.22552631578947369,0.2126666666666665
2012-2013,ARI,-1,0.6677557817998995,0.5040509259259259,0.5250029461279461,0.3455087687248813,0.6664583333333334,0.34834087481146303,0.2792631578947368,-0.03882352941176451
2012-2013,WSH,0,0.8890026595744681,0.5406149237472767,0.4434042996731113,0.2664583333333333,0.650922619047619,0.1823958333333333,0.22899725274725277,0.07694444444444433
2012-2013,WPG,-1,0.7748611111111111,0.5158287037037037,0.27773675670734493,0.1183008333842737,0.5620648343904158,0.3397364603481625,0.2591736694677871,-0.2925000000000001
2011-2012,ANA,-1,0.777545731707317,0.5144759393539882,0.26079095525534157,0.07229710144927537,0.3884146341463415,0.26375596184419714,0.18575,-0.1526027397260272
2011-2012,BOS,0,0.9639736746147287,0.8845072557938055,0.36942526579111945,0.2942060901481191,0.7721360759493671,0.48935335497835497,0.4030694444444445,-0.045762711864406586
2011-2012,BUF,-1,0.6916910569105691,0.49719907811911446,0.3560520960520961,0.23797521367521365,0.43356060606060604,0.3328572738946982,0.03877708978328173,0.07459016393442641
2011-2012,CGY,-1,0.6078772865853659,0.560583718269062,0.240595395030732,0.14978543652306517,0.3478398640543783,0.07827488687782805,0.2434289127837515,0.09142857142857151
2011-2012,CAR,-1,0.7218424057064938,0.47892620232172467,0.35327114352084005,0.15563326757630555,0.24954175905395418,0.388921783625731,0.2916463414634146,0.22941176470588226
2011-2012,CHI,0,1.0741121726659828,0.6889779883664243,0.4298328464784161,0.285299285424481,0.6638773388773389,0.3931722372779283,0.39472826086956525,-0.35403508771929837
2011-2012,COL,-1,0.8092860355467127,0.5776417766425429,0.38684650997151,0.15621904761904762,0.364261796042618,0.22051031294452347,0.521684050412864,-0.023962264150943588
2011-2012,CBJ,-1,0.6498004434589801,0.37041770928867707,0.18432252999599197,0.0020171504838171522,0.4387405303030303,0.5228142076502733,0.12289866457187745,-0.8889130434782608
2011-2012,DAL,-1,0.6890243902439024,0.675604412382152,0.2260383989067584,0.2778632478632479,0.4855746478873239,0.3710670490506329,0.20289393939393938,-0.016101694915254046
2011-2012,DET,0,1.0125266342610517,0.7610465715354603,0.5684913007456504,0.3194812418051855,0.767435064935065,0.5686263550135502,0.3742243692968331,0.21736842105263135
2011-2012,EDM,-1,0.596030287473488,0.697699020630297,0.36742118359839876,0.04837830687830688,0.2925860554970144,0.13011801730920533,0.10621794871794872,0.18148936170212768
2011-2012,FLA,0,0.7091768435818161,0.5094336445953593,0.413094624160025,0.059695758738277906,0.6465441875197973,0.2823864592094197,0.16063762626262626,0.17867924528301884
2011-2012,LAK,4,0.8991640798226165,0.6642131061643256,0.36868109276160127,0.23140966582094277,0.6030784347231716,0.4437646793134598,0.47098039215686277,0.4607246376811593
2011-2012,MIN,-1,0.5397028824833704,0.4218673885320699,0.29347260627748434,0.050445572058224385,0.17327765932243544,0.15084733893557423,0.1157843137254902,0.06804347826086947
2011-2012,MTL,-1,0.6636299307437519,0.4595537234436302,0.2494949719529508,0.007146008113750051,0.411827009936766,0.27720221280602636,0.17476990049751245,0.12415384615384605
2011-2012,NSH,1,0.5854073873440071,0.38297032791769636,0.45948520950262983,0.34464345015714876,0.6305720545277507,0.16840909090909092,0.11816746411483255,-0.0019178082191778952
2011-2012,NJD,3,0.9850504920152616,0.6267267358822237,0.4069880884855361,-0.040160675381263625,0.33074481074481077,0.1779573170731707,0.30955357142857143,-0.21152542372881364
2011-2012,NYI,-1,0.8510619918699187,0.48052115905774445,0.14471702985472476,0.07762881315940272,0.40840569105691055,0.279231822971549,0.013372208436724563,0.07333333333333329
2011-2012,NYR,2,0.7827866923406076,0.48534865926499154,0.427183340990088,0.17243973415924638,0.4294512195121951,0.26408667419536985,0.22929152793192747,0.41661290322580663
2011-2012,OTT,0,0.9676516594516595,0.6127945306725795,0.41526748971193417,0.21085064935064934,0.8395721292068324,0.4232195945945946,0.29847105933745904,0.12793650793650796
2011-2012,PHI,1,0.933911519374934,0.7133924747198547,0.5866359250155809,0.3021604938271605,0.45836495031616986,0.5965853140916808,0.14030258519388955,0.013728813559322072
2011-2012,PIT,0,1.257702240143369,0.7754065040650406,0.5801778155123324,0.24861485566448804,0.8229411764705883,0.3736842686699072,0.4370456621004566,0.05462686567164174
2011-2012,SJS,0,0.9847560975609756,0.6741589390142022,0.23767569235094022,0.24925634982979838,0.6429750075278531,0.4090246913580247,0.3364872408293461,-0.06661764705882355
2011-2012,STL,1,0.8034577806304379,0.4448866553603979,0.5298887686387687,0.17280762411347517,0.7770370370370371,0.4005015432098765,0.3090909090909091,0.2906521739130436
2011-2012,TBL,-1,0.8874453100253404,0.48242435245703214,0.1894904904904905,0.14612845138055222,0.2502978808476609,0.3725099262620533,0.2469727272727273,-0.26229166666666676
2011-2012,TOR,-1,0.7751807584701003,0.6146160152324536,0.3416359676273013,0.2020436090225564,0.4319512195121951,0.42220909090909087,0.2883377748167888,-0.13547619047619042
2011-2012,VAN,0,1.0057726510165534,0.7129415279556125,0.47535772357723577,0.11177378018124073,0.7426938711694809,0.5854232944503358,0.2674376375641966,0.11109090909090934
2011-2012,ARI,2,0.8547215016125174,0.5207050304878048,0.34103984111073987,0.2895342618433006,0.5828048780487805,0.2539747596153846,0.2183662900188324,0.48238805970149246
2011-2012,WSH,1,0.7481268054438787,0.5118920652518214,0.3145318820941833,0.3297458948015455,0.47414634146341467,0.22089311334289813,0.1916574074074074,0.06270833333333344
2011-2012,WPG,-1,0.7989747033618985,0.6281229169673105,0.2986191586191586,0.2311997354497354,0.7813098729227761,0.3841208791208791,0.22569940476190475,-0.043235294117647025
2010-2011,ANA,0,0.9244041985195972,0.5394563806777217,0.07872997276835145,0.1178105454186925,0.4965432098765432,0.2941497975708502,-0.02903846153846154,0.4228571428571428
2010-2011,BOS,4,0.7527369918699188,0.7491647327707455,0.48382557068914317,0.3041057845820504,0.6614197530864198,0.5473267939201132,0.29439765458422174,0.6940350877192983
2010-2011,BUF,0,0.8103941763783821,0.7445534509956334,0.4269880200577754,0.36422586832724746,0.5258494718309858,0.45386986301369864,0.17114015572858735,0.07333333333333339
2010-2011,CGY,-1,0.836351754656787,0.5921175361207007,0.5161352811363036,0.426612109542148,0.5325609756097561,0.2817813124583611,0.43351782363977487,-0.34295774647887317
2010-2011,CAR,-1,0.7695912447484264,0.4979714096001359,0.4818821138211382,0.1951706766301654,0.5113770325203252,0.24038510911424904,0.19534722222222223,0.34972972972972965
2010-2011,CHI,0,1.046327616077616,0.7691016823864061,0.529905714434547,0.34726223354704366,0.7195731707317073,0.5176373626373627,0.25808423913043477,0.19754385964912266
2010-2011,COL,-1,0.6743282102525061,0.3826152597402597,0.4110840840840841,0.16161844943535084,0.5306151742993849,0.10059701492537312,0.058319731856601574,-0.42618181818181816
2010-2011,CBJ,-1,0.8104249322493225,0.4942221489782465,0.33620641283374103,0.4155164166123071,0.3813798701298701,0.3141958134605193,0.3726986301369863,-0.5490740740740742
2010-2011,DAL,-1,0.8625650063462661,0.6739024895217897,0.25251542134468963,0.08346575731741972,0.35840334236675697,0.41034306718399016,0.11164414414414414,-0.022753623188405698
2010-2011,DET,1,1.0267822681704262,0.6055419176886543,0.5650272858892973,0.427233587532095,0.6832673424136839,0.6023027718550107,0.30422792792792797,-0.1896825396825395
2010-2011,EDM,-1,0.6388139661756683,0.46544731041939574,0.3610562982768865,0.08867405889940276,0.18151655306718598,0.07373693775556565,0.07311125078566938,-0.41042553191489345
2010-2011,FLA,-1,0.5763072314933676,0.5189627197554026,0.3831823931918809,0.20424688356525403,0.28746157701303043,0.29188888888888886,0.17833333333333334,0.1422807017543862
2010-2011,LAK,0,0.8220557061126167,0.6575860340795189,0.43393372650939627,0.24289932347207888,0.5882589858793326,0.26618100128369704,0.3522476525821596,0.08491803278688535
2010-2011,MIN,-1,0.6276369327073553,0.43826360924027413,0.3786589726434731,0.03425002590066142,0.22323170731707317,0.08516714082503557,0.09520137880986938,0.11647058823529408
2010-2011,MTL,0,0.7446828476401647,0.4839200854611145,0.43801169877560814,0.32471155407526625,0.5715443037974683,0.44177056277056276,0.20779780377178325,0.2852777777777777
2010-2011,NSH,1,0.6075838414634146,0.5815466099942087,0.2675684379342916,0.37129870520927427,0.6543588850174216,0.20113776655443322,0.27375,0.2471874999999999
2010-2011,NJD,-1,0.7551530663454784,0.5308261135390956,0.35319979441173716,0.12377090856038225,0.3565853658536585,0.21271548436308163,0.2785632183908046,-0.3350000000000001
2010-2011,NYI,-1,0.6490717299578059,0.5140428248503366,0.4862092731829574,-0.05280730536493985,0.39663978494623653,0.258671875,0.10855209187858901,-0.535769230769231
2010-2011,NYR,0,0.7518373830470605,0.5636585365853659,0.4645863058749328,0.3273965061705755,0.3448660714285714,0.37193146111547526,0.1975079575596817,0.1532352941176469
2010-2011,OTT,-1,0.6240060099199884,0.47224445834201934,0.3498315592635213,0.28125901875901876,0.5120199004975124,0.15622903963414636,0.13979999999999998,-0.12294117647058844
2010-2011,PHI,1,0.8685189095758202,0.7129278455284553,0.5268882992445182,0.09063607208741309,0.5573170731707318,0.38874209575429086,0.12968046477850398,0.15111111111111106
2010-2011,PIT,0,0.6672695781064277,0.423398990544968,0.5210729166666667,0.28890478862701086,0.6725467215711118,0.3425668623613829,0.19047619047619047,0.001384615384615437
2010-2011,SJS,2,1.011471819380356,0.9479535513361462,0.48010616367759223,0.1478419701213819,0.6457072368421053,0.41367667720407447,0.3795423423423423,-0.03866666666666655
2010-2011,STL,-1,0.9403358720368814,0.801750393506666,0.4126964509068167,0.08408730158730159,0.5360094936708861,0.4075037878787879,0.38041651031894935,0.057894736842105464
2010-2011,TBL,2,1.066780487804878,0.6687934904601572,0.43277147664881044,0.4975584441278886,0.40372501665556293,0.2845092643551642,0.26533705962059617,-0.1066666666666665
2010-2011,TOR,-1,0.6492567499749071,0.6649512195121952,0.2135934325675887,0.02339648660518226,0.40775129342202515,0.09621323529411763,0.07083739837398374,0.27945945945945955
2010-2011,VAN,3,1.2026829268292685,0.7584804062126643,0.5371389856755711,0.1652134556843461,0.8390022338049143,0.5597892992424243,0.15679532967032966,0.3099999999999999
2010-2011,ARI,0,0.669619559583574,0.5703711891602782,0.4370215114043212,0.34270739064856715,0.5449130081300813,0.315923076923077,0.2541344262295082,0.21073529411764724
2010-2011,WSH,1,0.97916367619208,0.6835553747449014,0.2958481091370931,0.33477559325919987,0.5929365853658537,0.2513211382113821,0.19475837138508373,-0.0012500000000000473
2010-2011,ATL,-1,0.6962537198738433,0.4535421958375174,0.2954436378887599,0.17534908821865344,0.8136111111111112,0.19161027138440398,0.20414859981933153,0.043620689655172434
2009-2010,ANA,-1,0.8417555493096546,0.8219612566496034,0.15616354816354816,0.04606980329611909,0.5413188405797102,0.353677973472494,0.09585526315789472,0.4228571428571428
2009-2010,BOS,1,0.8150559040010377,0.6261938118406526,0.4305717158750535,0.20983254598008697,0.6598355263157893,0.3810511293124845,0.18079887218045113,0.6940350877192983
2009-2010,BUF,0,0.8567125097449605,0.5780194989950106,0.4709743787629182,0.25782175151740366,0.4285365853658537,0.3186200354161396,0.2846794871794872,0.07333333333333339
2009-2010,CGY,-1,0.7137771002710026,0.6482595126605529,0.517133230560811,0.2599380582274133,0.5208867176021157,0.3984266787112316,0.1817241379310345,-0.34295774647887317
2009-2010,CAR,-1,0.7858428270042195,0.5102271139063592,0.373519484378461,0.2717520381585392,0.4455927230046949,0.31200516089860353,0.16163663663663663,0.34972972972972965
2009-2010,CHI,4,1.2008094423049493,0.7148686679174484,0.5873407430276835,0.38082668382668383,0.9601954806312769,0.5354296937630271,0.41659930313588844,0.19754385964912266
2009-2010,COL,0,0.6281447677836567,0.5012682379349046,0.30930017892969514,0.15324189095928226,0.15509689013908423,0.15374357719598727,0.25128970286885244,-0.42618181818181816
2009-2010,CBJ,-1,0.7058748971193416,0.4711837314131834,0.2971619482496195,0.14427791597567718,0.24282942519194856,0.24822149988390993,0.23391304347826086,-0.5490740740740742
2009-2010,DAL,-1,0.8219713544256441,0.5449407166907166,0.4800512722845854,0.2248363157579747,0.38334957764782324,0.07889581076200794,0.28771689497716896,-0.022753623188405698
2009-2010,DET,1,0.9765708435708437,0.6938150854854136,0.4161641025641026,0.22629506172839506,0.8109287054409005,0.3275059008654603,0.20037414965986394,-0.1896825396825395
2009-2010,EDM,-1,0.4649101511029343,0.45592892156862747,0.2629861920279122,0.11767470624613481,0.355750526949714,-0.031330532212885155,-0.0034603658536585397,-0.41042553191489345
2009-2010,FLA,-1,0.625607979664014,0.3805477107402653,0.20636189833558258,0.1343020979020979,0.26810975609756094,0.1270945945945946,0.045093240093240096,0.1422807017543862
2009-2010,LAK,0,0.9130639485499333,0.5910722137662777,0.5254193905803564,0.2483142436685087,0.5704192073170732,0.21131629785739375,0.2892,0.08491803278688535
2009-2010,MIN,-1,0.7046596295011849,0.49631918921928936,0.35475216704724905,0.027383472785665993,0.4332855973813421,0.18094675925925927,0.2625,0.11647058823529408
2009-2010,MTL,2,0.7735784489622954,0.646652463888313,0.28191393809268206,0.23973117017739445,0.3345945945945946,0.062315279770444765,0.23304545454545456,0.2852777777777777
2009-2010,NSH,0,0.6831437535096073,0.6713484627275849,0.4313978004210286,0.28971342383107085,0.647104440275172,0.29923314339981005,0.346230520137624,0.2471874999999999
2009-2010,NJD,0,1.1080419393862553,0.7495113878246062,0.4070200000800483,0.22029153045282077,0.41546575787082113,0.2137255821222066,0.17068095838587644,-0.3350000000000001
2009-2010,NYI,-1,0.608196093139553,0.48456532921810697,0.4667248677248677,0.2922763195672213,0.39971042120551925,0.21881746031746033,0.14399390243902438,-0.535769230769231
2009-2010,NYR,-1,0.8957060767861683,0.5473323830640904,0.4351256079277434,0.22592215382301437,0.2847560975609756,0.36488109756097564,0.3120666666666666,0.1532352941176469
2009-2010,OTT,0,0.7277591169379144,0.5389377906044572,0.4622210671287041,0.38673682339304327,0.3456307164634146,0.3641784037558685,0.30573797678275294,-0.12294117647058844
2009-2010,PHI,3,0.8678331401207767,0.6399917896215999,0.30399133386938265,0.33612468671679196,0.6939375,0.48256022282445055,0.03995283018867925,0.15111111111111106
2009-2010,PIT,1,1.1043981481481482,0.79987012987013,0.4787987666342097,0.31962125220458554,0.4799305555555555,0.5102573529411765,0.250755569567045,0.001384615384615437
2009-2010,SJS,2,1.0512456473567586,0.7494678132393312,0.39864221479004086,0.192165806927045,0.654484375,0.40097826086956523,0.23501089324618735,-0.03866666666666655
2009-2010,STL,-1,0.7043704197201865,0.528620596205962,0.6042510154181906,0.26335735287171735,0.2888328197226502,0.4492388834793898,0.395433223492925,0.057894736842105464
2009-2010,TBL,-1,0.9809756097560974,0.5011291123952791,0.1737081807081807,0.051496618696618694,0.14298964361864147,0.2649883216549883,0.34312526675202737,-0.1066666666666665
2009-2010,TOR,-1,0.8498332133586372,0.5382628205128205,0.2673906810035842,0.11821672443582325,0.5986660644384222,0.5341023823028929,0.2189712087366592,0.27945945945945955
2009-2010,VAN,1,1.2554252161569235,0.8947736761151396,0.251202091044873,0.02843825644036546,0.7034605263157895,0.4921804812834224,0.19113846153846153,0.3099999999999999
2009-2010,ARI,0,0.6952730226839305,0.7448908171774026,0.43736297423339393,0.14780664625104398,0.37686483739837395,0.4591307814992026,0.5155155210643015,0.21073529411764724
2009-2010,WSH,0,1.4785080310848773,0.7845652173913044,0.5275918225918226,0.4599882304450274,0.8758274509803923,0.5267377690802348,0.2659117647058824,-0.0012500000000000473
2009-2010,ATL,-1,0.6667896876337185,0.4969385280552651,0.3998422338717697,0.1445994623655914,0.5021309370988447,0.28072762345679014,0.22566846617973957,0.043620689655172434
2008-2009,ANA,1,1.0342567268122822,0.45521368084857006,0.47886458333333337,0.1317286036036036,0.6296341463414634,0.5130208333333334,0.20258467023172905,0.21130434782608692
2008-2009,BOS,1,0.8355144032921812,0.6396014819166993,0.6423404874143656,0.3774119995501575,0.7702969814995131,0.30792067307692306,0.2517168209876543,0.4741509433962263
2008-2009,BUF,-1,0.841404132791328,0.6316962654924984,0.5130726252163861,0.23322675261885573,0.44231249999999994,0.33670289855072466,0.1879864433811802,-0.08949152542372883
2008-2009,CGY,0,0.8552756285300145,0.9081881091617934,0.7483611252043519,0.22947006275378368,0.6930735759493671,0.29255779876261806,0.3472858757062147,-0.2571052631578946
2008-2009,CAR,2,0.9219054878048781,0.6694718185133094,0.5221874204612178,0.2165917631917632,0.6670457311771866,0.36964285714285716,0.44030381944444447,0.2713235294117645
2008-2009,CHI,2,0.7114171357098186,0.9110908722930581,0.6548993449676848,0.2583636363636364,0.6545407031992397,0.6647901721664276,0.473040959040959,0.1942857142857142
2008-2009,COL,-1,0.6130294502245722,0.2527005375596925,0.3302260394392968,0.1758530082289337,0.07708414554905783,0.3564761904761905,0.06397361647361646,-0.3210714285714284
2008-2009,CBJ,0,0.8918942582357218,0.5083056674338321,0.3864621881616497,0.21975669090445213,0.4039927732610659,0.3328473762010348,0.41609036796536797,-0.08213114754098345
2008-2009,DAL,-1,0.8429805458768872,0.6402344426406926,0.3636019847598795,0.16340413198874107,0.4111416666666667,0.38451113013698635,0.1565277777777778,-0.21837837837837834
2008-2009,DET,3,1.2776710526315789,0.8859765331483729,0.8098076131687243,0.23381340881340884,0.9576623376623377,0.623132911392405,0.4233686440677966,-0.413913043478261
2008-2009,EDM,-1,0.7930606995884774,0.5557375618533513,0.34672053175483053,0.19674721668392556,0.5793194820837098,0.3221527777777778,0.009210093896713616,0.05476190476190458
2008-2009,FLA,-1,0.7568207041714503,0.43658756880979105,0.43799517781796266,0.1366366204417052,0.4311231884057971,0.38804190999656474,0.07319485294117647,0.2950847457627118
2008-2009,LAK,-1,0.8605909090909091,0.521073640159006,0.4046869918699187,0.15817863916548128,0.4903549382716049,0.19634146341463415,0.15043478260869567,0.17500000000000007
2008-2009,MIN,-1,0.5807903673973448,0.6276211008991804,0.2501480477767741,0.06329411764705882,0.388170890188434,0.22916772151898734,0.344375,0.019436619718309796
2008-2009,MTL,0,0.6485844017094017,0.5680535312640576,0.3611201990695662,0.3800933938620135,0.5522222222222222,0.3098710990502035,0.2784219434488252,-0.1357692307692308
2008-2009,NSH,-1,0.7170813755027531,0.5196084338288722,0.19454129316934196,0.2422354388843314,0.6912240289069558,0.20719512195121947,0.10373127654817794,-0.036538461538461645
2008-2009,NJD,0,1.1360289304191744,0.7217700888022526,0.41157776472744234,0.2629688274033278,0.3597558833860203,0.3907188703465982,0.36435563380281694,-0.08125
2008-2009,NYI,-1,0.4611172346123183,0.4746943047358781,0.37849083346974005,0.1614359453854545,0.43825499412455937,-0.0012141779788838597,0.030777542372881356,-0.4840816326530612
2008-2009,NYR,0,0.8228321282250821,0.8069870771855867,0.4418338612359401,0.11603634919791465,0.5294818063677713,0.39707317073170734,0.2895263157894737,0.10928571428571436
2008-2009,OTT,-1,0.9082474014613564,0.31652247932735733,0.39155261610817166,0.19560413855150696,0.40470113363105464,0.2582082043343653,0.15818658280922432,0.04581395348837207
2008-2009,PHI,0,0.9257471441803026,0.5806498919419574,0.2786493260177471,0.13033353683353685,0.4256128246753247,0.25336926091825307,0.10729470950989939,-0.05218181818181827
2008-2009,PIT,4,1.0051488755147293,0.6155645249772337,0.34009626060456305,0.4235576613142305,0.34526941498460484,0.36676543209876544,0.1643168880455408,-0.1269354838709678
2008-2009,SJS,0,1.0484084830979887,0.9051238444509181,0.3919116419903202,0.2416977813852814,0.7577739942983845,0.6879416473937021,0.27770114942528734,-0.14903225806451628
2008-2009,STL,0,0.7031022949470002,0.4334522536014834,0.5132385748321421,0.06213060224089636,0.19896518204312477,0.33436858974358974,0.11304722638680659,0.020701754385965034
2008-2009,TBL,-1,0.8708984267764756,0.43172033945266425,0.23017461419867105,0.08525434109908996,0.3634981684981685,0.0738912545037668,-0.00892857142857143,-0.058292682926829285
2008-2009,TOR,-1,0.7806445436507937,0.6539862754529421,0.4090739681328926,0.0755703338806787,0.5864285714285714,0.3853569511540526,0.21120450281425893,-0.3398076923076921
2008-2009,VAN,1,0.962469135802469,0.5655422415879933,0.3859330744742427,0.13741463818512997,0.5042418709789601,0.365186747929364,0.27610615521855486,0.3132075471698112
2008-2009,ARI,-1,0.6140907503746278,0.36313819787411333,0.435084846343408,0.15664396654719234,0.3315432098765432,0.03919879767827529,0.3019957983193277,-0.3254687500000002
2008-2009,WSH,1,1.4129339501439115,0.7196239899732877,0.37235275689223063,0.32432493904260756,0.8538404977375565,0.32309027777777777,0.3028919182083739,-0.22403508771929842
2008-2009,ATL,-1,0.8220860347843986,0.5212376933895921,0.3415735213296189,0.17835579803166454,0.3517690454682325,0.21994771006130545,0.09781132075471699,-0.09086956521739145
